id,team_1,team_2,map_1,team_1_map_1_player_1,team_1_map_1_player_1_kd,team_1_map_1_player_1_adr,team_1_map_1_player_1_kast,team_1_map_1_player_1_rating,team_1_map_1_player_2,team_1_map_1_player_2_kd,team_1_map_1_player_2_adr,team_1_map_1_player_2_kast,team_1_map_1_player_2_rating,team_1_map_1_player_3,team_1_map_1_player_3_kd,team_1_map_1_player_3_adr,team_1_map_1_player_3_kast,team_1_map_1_player_3_rating,team_1_map_1_player_4,team_1_map_1_player_4_kd,team_1_map_1_player_4_adr,team_1_map_1_player_4_kast,team_1_map_1_player_4_rating,team_1_map_1_player_5,team_1_map_1_player_5_kd,team_1_map_1_player_5_adr,team_1_map_1_player_5_kast,team_1_map_1_player_5_rating,team_2_map_1_player_1,team_2_map_1_player_1_kd,team_2_map_1_player_1_adr,team_2_map_1_player_1_kast,team_2_map_1_player_1_rating,team_2_map_1_player_2,team_2_map_1_player_2_kd,team_2_map_1_player_2_adr,team_2_map_1_player_2_kast,team_2_map_1_player_2_rating,team_2_map_1_player_3,team_2_map_1_player_3_kd,team_2_map_1_player_3_adr,team_2_map_1_player_3_kast,team_2_map_1_player_3_rating,team_2_map_1_player_4,team_2_map_1_player_4_kd,team_2_map_1_player_4_adr,team_2_map_1_player_4_kast,team_2_map_1_player_4_rating,team_2_map_1_player_5,team_2_map_1_player_5_kd,team_2_map_1_player_5_adr,team_2_map_1_player_5_kast,team_2_map_1_player_5_rating,map_2,team_1_map_2_player_1,team_1_map_2_player_1_kd,team_1_map_2_player_1_adr,team_1_map_2_player_1_kast,team_1_map_2_player_1_rating,team_1_map_2_player_2,team_1_map_2_player_2_kd,team_1_map_2_player_2_adr,team_1_map_2_player_2_kast,team_1_map_2_player_2_rating,team_1_map_2_player_3,team_1_map_2_player_3_kd,team_1_map_2_player_3_adr,team_1_map_2_player_3_kast,team_1_map_2_player_3_rating,team_1_map_2_player_4,team_1_map_2_player_4_kd,team_1_map_2_player_4_adr,team_1_map_2_player_4_kast,team_1_map_2_player_4_rating,team_1_map_2_player_5,team_1_map_2_player_5_kd,team_1_map_2_player_5_adr,team_1_map_2_player_5_kast,team_1_map_2_player_5_rating,team_2_map_2_player_1,team_2_map_2_player_1_kd,team_2_map_2_player_1_adr,team_2_map_2_player_1_kast,team_2_map_2_player_1_rating,team_2_map_2_player_2,team_2_map_2_player_2_kd,team_2_map_2_player_2_adr,team_2_map_2_player_2_kast,team_2_map_2_player_2_rating,team_2_map_2_player_3,team_2_map_2_player_3_kd,team_2_map_2_player_3_adr,team_2_map_2_player_3_kast,team_2_map_2_player_3_rating,team_2_map_2_player_4,team_2_map_2_player_4_kd,team_2_map_2_player_4_adr,team_2_map_2_player_4_kast,team_2_map_2_player_4_rating,team_2_map_2_player_5,team_2_map_2_player_5_kd,team_2_map_2_player_5_adr,team_2_map_2_player_5_kast,team_2_map_2_player_5_rating,map_3,team_1_map_3_player_1,team_1_map_3_player_1_kd,team_1_map_3_player_1_adr,team_1_map_3_player_1_kast,team_1_map_3_player_1_rating,team_1_map_3_player_2,team_1_map_3_player_2_kd,team_1_map_3_player_2_adr,team_1_map_3_player_2_kast,team_1_map_3_player_2_rating,team_1_map_3_player_3,team_1_map_3_player_3_kd,team_1_map_3_player_3_adr,team_1_map_3_player_3_kast,team_1_map_3_player_3_rating,team_1_map_3_player_4,team_1_map_3_player_4_kd,team_1_map_3_player_4_adr,team_1_map_3_player_4_kast,team_1_map_3_player_4_rating,team_1_map_3_player_5,team_1_map_3_player_5_kd,team_1_map_3_player_5_adr,team_1_map_3_player_5_kast,team_1_map_3_player_5_rating,team_2_map_3_player_1,team_2_map_3_player_1_kd,team_2_map_3_player_1_adr,team_2_map_3_player_1_kast,team_2_map_3_player_1_rating,team_2_map_3_player_2,team_2_map_3_player_2_kd,team_2_map_3_player_2_adr,team_2_map_3_player_2_kast,team_2_map_3_player_2_rating,team_2_map_3_player_3,team_2_map_3_player_3_kd,team_2_map_3_player_3_adr,team_2_map_3_player_3_kast,team_2_map_3_player_3_rating,team_2_map_3_player_4,team_2_map_3_player_4_kd,team_2_map_3_player_4_adr,team_2_map_3_player_4_kast,team_2_map_3_player_4_rating,team_2_map_3_player_5,team_2_map_3_player_5_kd,team_2_map_3_player_5_adr,team_2_map_3_player_5_kast,team_2_map_3_player_5_rating
28 Mar 14:40 2363290,Illuminar,ENCE Academy,Mirage,bnox,25-26,93.6,67.6%,1.08,mASKED,11-19,44.6,67.6%,0.82,zaNNN,19-26,61.0,58.8%,0.78,TOAO,16-26,59.2,70.6%,0.77,morelz,18-26,52.4,58.8%,0.69,podi,33-15,91.0,82.4%,1.59,myltsi,33-20,101.3,76.5%,1.46,HENU,27-15,88.8,85.3%,1.40,juissi,21-20,79.9,85.3%,1.14,S1rva,9-19,40.5,76.5%,0.76,Inferno,bnox,14-17,82.2,62.5%,0.89,morelz,12-17,48.8,58.3%,0.79,mASKED,13-17,60.1,50.0%,0.72,zaNNN,8-19,49.6,54.2%,0.50,TOAO,6-21,38.8,54.2%,0.41,HENU,23-11,115.8,79.2%,1.66,juissi,19-11,92.6,75.0%,1.45,S1rva,18-14,72.7,79.2%,1.22,myltsi,18-14,71.8,75.0%,1.21,podi,13-9,48.0,87.5%,1.14,,,,,,,,,,,,,,,,,,,,,,,,,,,,,,,,,,,,,,,,,,,,,,,,,,,
28 Mar 13:00 2363395,Viperio,BLINK,Anubis,Extinct,26-16,110.0,91.7%,1.65,MMS,25-19,108.8,83.3%,1.55,arTisT,19-13,72.7,75.0%,1.24,Gizmy,14-19,77.3,75.0%,1.01,Girafffe,12-12,53.9,75.0%,0.97,krabeni,21-19,114.0,83.3%,1.36,HYPERI1,20-18,91.9,66.7%,1.05,deb0,11-21,57.4,70.8%,0.76,BledarD,13-19,62.2,66.7%,0.75,gulito,14-19,48.0,70.8%,0.74,Ancient,Gizmy,11-15,81.3,84.2%,0.96,Girafffe,13-14,61.8,63.2%,0.87,arTisT,10-15,62.5,63.2%,0.78,Extinct,10-16,75.5,52.6%,0.72,MMS,7-17,41.6,47.4%,0.37,krabeni,21-14,109.3,78.9%,1.67,deb0,17-12,104.7,78.9%,1.43,gulito,12-6,66.4,89.5%,1.35,HYPERI1,14-10,75.9,78.9%,1.34,BledarD,12-11,60.8,68.4%,1.16,Vertigo,Gizmy,24-20,96.4,73.3%,1.33,Extinct,23-23,83.7,66.7%,1.02,Girafffe,22-26,63.8,70.0%,0.92,arTisT,17-22,62.5,66.7%,0.82,MMS,13-21,57.4,63.3%,0.73,BledarD,28-16,96.3,80.0%,1.49,krabeni,24-22,90.4,63.3%,1.17,HYPERI1,21-19,70.0,73.3%,1.11,gulito,20-19,79.8,66.7%,1.11,deb0,17-23,64.1,66.7%,0.84
28 Mar 12:30 2363364,BIG,GODSENT,Anubis,faveN,23-11,89.3,80.0%,1.44,hyped,20-13,75.5,84.0%,1.34,Krimbo,20-13,72.8,88.0%,1.32,tabseN,15-13,78.7,92.0%,1.23,k1to,18-16,75.6,64.0%,1.12,joel,18-19,89.8,64.0%,1.11,Plopski,16-20,55.5,64.0%,0.91,RuStY,13-20,76.8,60.0%,0.83,ztr,12-21,56.9,44.0%,0.61,draken,6-16,25.8,52.0%,0.48,Nuke,faveN,19-15,78.1,65.4%,1.11,hyped,17-19,64.2,57.7%,0.85,Krimbo,14-20,64.6,61.5%,0.84,k1to,12-18,54.0,50.0%,0.76,tabseN,10-22,54.1,57.7%,0.62,joel,31-15,123.0,84.6%,1.80,draken,17-12,76.0,92.3%,1.33,ztr,18-14,71.0,73.1%,1.08,Plopski,15-16,68.3,65.4%,0.96,RuStY,13-15,55.9,69.2%,0.87,Inferno,faveN,23-19,82.0,69.2%,1.21,k1to,21-20,76.7,65.4%,1.01,Krimbo,15-19,69.0,69.2%,0.85,tabseN,9-17,51.5,65.4%,0.80,hyped,10-19,55.2,50.0%,0.72,joel,24-13,87.7,80.8%,1.43,draken,21-15,81.3,65.4%,1.24,ztr,17-16,78.5,73.1%,1.13,Plopski,18-17,77.6,76.9%,1.10,RuStY,14-17,56.3,73.1%,0.99
28 Mar 12:40 2363350,Encore,The Big Dogs,Vertigo,SaVage,21-18,101.0,69.6%,1.32,Liki,17-17,88.7,69.6%,1.18,sterling,14-17,64.0,52.2%,0.84,ap0c,9-19,57.7,52.2%,0.66,Hatz,7-16,29.0,52.2%,0.50,forevint,24-10,72.4,87.0%,1.53,N1ghtraid,21-14,93.3,78.3%,1.48,damyo,14-12,81.8,78.3%,1.18,SkulL,14-16,71.5,82.6%,0.97,Jry,14-16,87.9,56.5%,0.96,Ancient,Hatz,24-19,95.5,65.4%,1.21,Liki,15-20,79.8,73.1%,0.94,SaVage,14-19,53.7,50.0%,0.77,ap0c,12-20,60.9,53.8%,0.72,sterling,10-20,38.8,61.5%,0.61,forevint,29-15,96.2,84.6%,1.63,N1ghtraid,23-15,83.9,69.2%,1.29,Jry,16-15,79.5,80.8%,1.12,damyo,13-17,81.0,65.4%,1.04,SkulL,15-15,63.8,80.8%,1.04,,,,,,,,,,,,,,,,,,,,,,,,,,,,,,,,,,,,,,,,,,,,,,,,,,,
28 Mar 11:00 2363289,PROSPECTS,NtK,Mirage,Ro1f,22-13,96.6,69.2%,1.34,bobeksde,18-17,84.5,80.8%,1.23,spooke,22-16,86.3,76.9%,1.23,FRANSSON,20-14,72.2,76.9%,1.17,hype,16-15,60.4,76.9%,1.09,LUMSEN,18-19,76.3,73.1%,1.10,MSL,17-18,67.8,73.1%,0.99,aizy,17-19,62.5,57.7%,0.95,leakz,15-21,60.1,61.5%,0.78,hugilago,8-21,59.7,61.5%,0.70,Ancient,bobeksde,33-28,104.0,77.1%,1.32,hype,27-17,63.4,74.3%,1.11,Ro1f,19-21,66.7,60.0%,0.95,spooke,18-24,67.3,54.3%,0.82,FRANSSON,14-25,57.2,60.0%,0.73,aizy,26-22,98.0,62.9%,1.24,leakz,25-23,82.7,65.7%,1.10,LUMSEN,24-27,77.3,71.4%,1.09,hugilago,18-19,63.0,77.1%,1.00,MSL,21-24,56.7,60.0%,0.90,Inferno,spooke,26-17,104.4,79.2%,1.60,FRANSSON,23-15,95.6,79.2%,1.44,hype,17-15,69.5,75.0%,1.13,Ro1f,15-16,70.1,62.5%,1.01,bobeksde,11-16,61.8,75.0%,0.99,MSL,20-18,96.0,70.8%,1.25,aizy,17-19,85.0,70.8%,1.07,LUMSEN,15-18,72.2,58.3%,0.93,leakz,15-17,60.1,58.3%,0.82,hugilago,11-20,60.2,75.0%,0.73
28 Mar 10:00 2363402,ENCE Academy,Zero Tenacity,Nuke,myltsi,24-22,90.2,67.9%,1.28,juissi,24-22,91.5,71.4%,1.11,HENU,19-20,76.3,64.3%,1.02,podi,16-17,69.2,67.9%,1.02,S1rva,12-18,44.4,64.3%,0.78,Cjoffo,22-16,71.2,78.6%,1.23,brutmonster,23-20,84.6,78.6%,1.19,nEMANHA,22-19,82.1,64.3%,1.12,simke,20-19,74.1,60.7%,1.02,aVN,12-21,59.8,67.9%,0.74,Vertigo,S1rva,21-13,108.0,81.8%,1.72,podi,19-9,76.1,77.3%,1.45,HENU,17-16,88.1,86.4%,1.44,myltsi,19-13,98.4,77.3%,1.40,juissi,21-14,91.1,68.2%,1.31,nEMANHA,21-20,97.0,81.8%,1.21,brutmonster,14-18,55.5,68.2%,0.73,Cjoffo,12-19,71.3,59.1%,0.72,aVN,7-20,64.9,50.0%,0.55,simke,11-20,62.0,40.9%,0.55,Mirage,S1rva,25-13,116.2,95.8%,1.69,myltsi,21-18,85.8,66.7%,1.23,juissi,19-17,81.0,79.2%,1.19,HENU,18-18,85.5,70.8%,1.14,podi,15-17,65.9,62.5%,0.87,aVN,24-18,106.0,79.2%,1.29,Cjoffo,20-21,91.2,70.8%,1.12,simke,16-20,78.5,58.3%,0.92,brutmonster,13-20,64.5,66.7%,0.87,nEMANHA,10-20,57.1,41.7%,0.57
28 Mar 09:00 2363351,Rooster,e-LEMON-ators,Nuke,asap,23-14,97.6,73.1%,1.43,TjP,22-16,93.8,76.9%,1.32,Rackem,20-13,79.2,76.9%,1.28,nettik,19-14,78.3,73.1%,1.23,SWANKY,19-17,70.3,80.8%,1.09,viridian,21-18,95.2,61.5%,1.25,yourwombat,22-21,87.1,57.7%,1.07,nauh,14-21,66.7,65.4%,0.75,apocdud,11-20,50.2,46.2%,0.55,foggers,6-24,30.0,46.2%,0.35,Inferno,asap,24-16,91.5,67.9%,1.33,Rackem,23-21,75.8,75.0%,1.15,nettik,16-22,81.3,64.3%,0.93,SWANKY,15-21,44.5,67.9%,0.78,TjP,12-20,62.1,64.3%,0.73,yourwombat,32-15,108.2,78.6%,1.66,viridian,18-16,73.6,75.0%,1.14,nauh,21-20,80.0,60.7%,0.98,foggers,13-18,63.0,71.4%,0.93,apocdud,16-22,58.6,71.4%,0.77,Vertigo,asap,17-20,78.2,61.5%,1.10,Rackem,19-19,70.6,61.5%,0.99,SWANKY,16-17,65.5,73.1%,0.87,nettik,11-22,56.6,61.5%,0.65,TjP,10-21,58.6,53.8%,0.62,apocdud,31-12,121.8,80.8%,1.88,nauh,22-11,82.8,80.8%,1.43,yourwombat,24-17,107.8,69.2%,1.40,viridian,10-13,43.1,88.5%,0.97,foggers,12-20,51.2,65.4%,0.76
28 Mar 10:00 2363368,500,ECSTATIC,Inferno,SHiPZ,26-17,77.5,76.7%,1.25,Rainwaker,18-19,65.7,73.3%,1.05,niki1,16-23,67.5,80.0%,1.00,dennyslaw,17-22,58.2,50.0%,0.78,Patrick,13-20,57.3,70.0%,0.77,salazar,20-15,70.9,83.3%,1.33,Nodios,27-17,84.2,73.3%,1.28,Queenix,21-17,67.3,80.0%,1.12,kraghen,19-19,76.9,73.3%,1.05,maNkz,13-24,69.0,60.0%,0.84,Anubis,dennyslaw,22-17,79.3,63.0%,1.17,niki1,21-22,74.9,77.8%,1.09,SHiPZ,17-21,75.6,70.4%,0.99,Rainwaker,15-20,68.7,70.4%,0.84,Patrick,13-22,60.6,66.7%,0.80,salazar,24-12,83.4,74.1%,1.35,Queenix,21-18,89.1,85.2%,1.29,maNkz,21-22,89.3,77.8%,1.19,kraghen,18-19,76.3,85.2%,1.03,Nodios,18-17,57.9,59.3%,0.98,,,,,,,,,,,,,,,,,,,,,,,,,,,,,,,,,,,,,,,,,,,,,,,,,,,
28 Mar 04:00 2363399,Strife,Vendetta,Mirage,stamina,26-14,105.0,84.6%,1.60,Infinite,17-14,89.0,69.2%,1.22,J0LZ,22-15,84.8,69.2%,1.21,aris,18-18,84.4,69.2%,1.04,Snakes,15-13,51.3,80.8%,0.98,chop,19-19,91.7,61.5%,1.03,silas,15-22,76.4,53.8%,0.86,Tender,15-20,64.0,61.5%,0.83,cxzi,15-21,75.7,50.0%,0.78,consti,10-17,38.6,61.5%,0.70,Nuke,Infinite,29-33,86.7,64.3%,1.00,J0LZ,27-28,72.9,66.7%,0.99,stamina,32-37,80.3,59.5%,0.99,Snakes,25-33,62.0,66.7%,0.87,aris,26-33,64.7,69.0%,0.84,chop,38-28,85.8,73.8%,1.29,Tender,33-28,84.3,81.0%,1.24,consti,34-24,72.0,78.6%,1.21,cxzi,31-30,80.9,81.0%,1.16,silas,28-29,82.6,78.6%,1.11,Inferno,Snakes,28-29,79.7,82.9%,1.10,Infinite,32-35,90.0,65.9%,1.05,stamina,31-33,74.6,68.3%,1.04,J0LZ,19-30,56.3,63.4%,0.70,aris,16-31,43.7,58.5%,0.60,consti,34-18,72.9,85.4%,1.39,Tender,34-25,79.0,78.0%,1.30,silas,35-30,85.2,87.8%,1.26,chop,30-22,85.0,78.0%,1.24,cxzi,23-33,83.6,68.3%,1.02
28 Mar 04:00 2363398,EG Black,ATK,Overpass,RUSH,25-16,81.3,75.0%,1.31,junior,19-15,70.6,75.0%,1.14,Jeorge,23-22,88.4,67.9%,1.12,HexT,12-20,59.0,64.3%,0.87,Walco,8-21,51.1,50.0%,0.54,Swisher,23-19,96.8,71.4%,1.28,reck,22-18,84.5,78.6%,1.23,MisteM,16-16,62.9,71.4%,1.04,djay,19-16,71.4,67.9%,1.02,b0denmaster,12-19,49.3,60.7%,0.77,Mirage,junior,25-16,88.4,77.8%,1.43,Walco,25-20,95.9,66.7%,1.27,RUSH,20-15,86.0,70.4%,1.22,Jeorge,15-15,78.5,70.4%,1.10,HexT,15-20,48.6,59.3%,0.77,reck,26-20,112.7,70.4%,1.44,MisteM,18-21,73.0,70.4%,1.04,Swisher,14-20,75.7,59.3%,0.93,b0denmaster,13-21,46.6,70.4%,0.72,djay,15-19,46.2,63.0%,0.71,Inferno,RUSH,21-18,92.2,73.9%,1.25,Walco,13-19,64.0,52.2%,0.82,HexT,10-19,54.1,56.5%,0.61,junior,10-18,53.5,52.2%,0.61,Jeorge,8-17,55.6,56.5%,0.59,djay,22-11,100.5,95.7%,1.60,b0denmaster,18-13,85.1,73.9%,1.42,Swisher,19-13,80.3,73.9%,1.24,reck,17-13,78.7,73.9%,1.20,MisteM,15-13,66.3,73.9%,1.11
28 Mar 02:30 2363413,O PLANO,INTZ,Ancient,decenty,25-20,83.8,70.0%,1.17,shz,16-19,73.5,56.7%,1.01,kNgV-,20-21,67.3,70.0%,0.96,piriaz1n,16-23,63.5,73.3%,0.83,Yangue,15-24,61.4,73.3%,0.82,desh,23-15,84.4,93.3%,1.45,BobZ,28-17,95.7,76.7%,1.42,lub,20-19,72.6,80.0%,1.09,Leomonster,18-23,66.0,73.3%,1.03,w1,16-20,52.3,70.0%,0.87,Nuke,kNgV-,15-16,72.5,58.3%,1.00,piriaz1n,19-20,76.0,54.2%,0.97,shz,13-17,59.3,70.8%,0.82,decenty,10-20,53.6,50.0%,0.60,Yangue,11-21,47.7,54.2%,0.50,Leomonster,20-13,93.7,87.5%,1.40,w1,21-13,87.4,79.2%,1.37,lub,19-12,83.8,75.0%,1.31,BobZ,16-15,75.7,75.0%,1.18,desh,18-15,80.1,75.0%,1.17,,,,,,,,,,,,,,,,,,,,,,,,,,,,,,,,,,,,,,,,,,,,,,,,,,,
28 Mar 01:20 2363388,WINDINGO,Desorganizados,Nuke,FRANAR,24-17,80.5,86.7%,1.28,bichop,26-19,78.5,80.0%,1.20,fakzwall,20-16,74.7,83.3%,1.18,restikk,19-20,71.7,66.7%,1.06,PREDI,16-20,70.1,66.7%,0.98,Hezz,24-19,85.1,73.3%,1.18,abizz,17-22,71.2,70.0%,0.93,alexer,20-23,64.9,70.0%,0.91,righi,16-20,59.5,70.0%,0.83,nacho,14-21,53.7,56.7%,0.69,Anubis,fakzwall,20-18,66.8,73.3%,1.11,restikk,24-24,82.4,76.7%,1.03,FRANAR,20-21,72.9,70.0%,0.99,bichop,15-22,60.9,63.3%,0.92,PREDI,12-20,55.3,60.0%,0.78,abizz,26-16,97.1,83.3%,1.33,righi,24-18,76.3,76.7%,1.19,alexer,20-20,75.8,76.7%,1.11,Hezz,17-16,53.9,76.7%,1.08,nacho,18-21,69.6,60.0%,0.92,,,,,,,,,,,,,,,,,,,,,,,,,,,,,,,,,,,,,,,,,,,,,,,,,,,
27 Mar 23:30 2363396,ATK,Vendetta,Overpass,Swisher,26-19,100.0,82.1%,1.38,MisteM,23-17,82.8,71.4%,1.27,reck,16-17,76.9,64.3%,0.97,djay,14-16,58.7,60.7%,0.87,b0denmaster,10-19,39.0,57.1%,0.63,consti,20-16,85.8,75.0%,1.24,silas,21-18,84.5,64.3%,1.15,cxzi,20-19,76.6,71.4%,1.08,chop,16-18,51.8,60.7%,0.77,Tender,11-18,56.4,53.6%,0.75,Mirage,MisteM,18-20,77.5,58.3%,0.99,Swisher,14-19,82.5,58.3%,0.91,reck,13-18,70.5,66.7%,0.88,djay,9-16,50.0,50.0%,0.66,b0denmaster,12-19,48.9,54.2%,0.60,silas,28-12,108.1,83.3%,1.76,chop,19-11,82.8,79.2%,1.38,consti,14-12,77.2,79.2%,1.12,Tender,15-16,73.3,75.0%,1.09,cxzi,16-16,64.2,70.8%,1.04,Inferno,Swisher,21-18,88.9,70.4%,1.28,djay,19-14,74.4,66.7%,1.18,MisteM,18-18,78.9,70.4%,1.05,reck,19-18,66.1,66.7%,0.93,b0denmaster,13-16,61.9,66.7%,0.88,Tender,17-17,68.5,63.0%,0.97,cxzi,17-19,77.4,59.3%,0.95,silas,16-19,69.4,63.0%,0.94,consti,17-17,65.2,70.4%,0.92,chop,16-18,64.8,59.3%,0.90
27 Mar 23:30 2363397,EG Black,Strife,Overpass,HexT,28-14,111.7,81.5%,1.63,junior,18-13,67.3,59.3%,1.11,Jeorge,17-17,76.0,70.4%,1.09,Walco,14-18,50.9,63.0%,0.89,RUSH,11-17,55.9,59.3%,0.81,stamina,21-17,74.1,66.7%,1.12,J0LZ,20-19,82.5,66.7%,1.08,Infinite,14-20,69.6,74.1%,0.85,aris,12-16,53.0,66.7%,0.83,Snakes,12-16,56.6,59.3%,0.80,Nuke,junior,26-9,94.5,88.5%,1.65,Jeorge,24-15,120.8,80.8%,1.57,RUSH,19-11,63.2,80.8%,1.17,HexT,18-19,70.8,69.2%,1.00,Walco,13-14,54.8,65.4%,0.94,Infinite,22-19,90.1,69.2%,1.31,becker,2-7,7.4,80.8%,0.81,stamina,14-17,50.3,61.5%,0.75,J0LZ,8-13,33.9,65.4%,0.73,Snakes,11-22,66.7,53.8%,0.64,,,,,,,,,,,,,,,,,,,,,,,,,,,,,,,,,,,,,,,,,,,,,,,,,,,
27 Mar 22:40 2363387,FUSION,FURIA Academy,Ancient,guidimon,26-21,92.2,73.3%,1.29,KUN,24-22,75.9,60.0%,1.05,christo,19-21,74.7,66.7%,0.91,naz,13-20,59.2,70.0%,0.90,peqexino,13-25,63.8,66.7%,0.70,kauez,34-21,121.5,83.3%,1.80,Bruninho,23-17,88.9,80.0%,1.26,zmb,20-20,69.0,66.7%,0.93,mello,16-17,52.2,63.3%,0.86,kye,15-20,54.7,66.7%,0.79,Vertigo,guidimon,13-17,86.5,50.0%,0.88,christo,9-16,40.0,45.0%,0.56,KUN,7-19,54.1,45.0%,0.43,peqexino,8-18,47.3,40.0%,0.42,naz,5-18,46.1,45.0%,0.38,kauez,25-11,139.9,95.0%,2.21,Bruninho,18-6,82.4,85.0%,1.65,kye,19-10,88.2,85.0%,1.50,mello,16-6,69.8,90.0%,1.38,zmb,10-10,70.0,70.0%,1.14,,,,,,,,,,,,,,,,,,,,,,,,,,,,,,,,,,,,,,,,,,,,,,,,,,,
27 Mar 19:30 2363285,Aurora,Apeks,Overpass,lattykk,23-17,69.9,79.3%,1.19,KENSI,20-20,78.2,82.8%,1.09,Norwi,17-16,70.0,82.8%,1.06,SELLTER,16-20,61.8,72.4%,0.96,Lack1,17-21,70.2,62.1%,0.89,nawwk,22-14,73.9,75.9%,1.26,jL,21-18,67.6,65.5%,1.08,jkaem,19-20,83.6,62.1%,1.05,kyxsan,16-21,64.2,82.8%,1.00,STYKO,14-21,61.0,72.4%,0.82,Mirage,Norwi,35-24,106.7,80.6%,1.50,lattykk,24-22,65.8,61.1%,1.05,Lack1,25-27,65.9,58.3%,0.93,KENSI,20-30,69.4,58.3%,0.80,SELLTER,18-27,61.9,55.6%,0.78,nawwk,33-18,81.6,80.6%,1.38,jL,34-27,102.3,77.8%,1.35,jkaem,28-26,72.3,66.7%,1.15,kyxsan,20-26,75.8,66.7%,0.91,STYKO,15-25,62.5,58.3%,0.76,Anubis,Norwi,19-15,84.6,76.2%,1.28,KENSI,19-17,90.7,71.4%,1.13,lattykk,14-15,67.6,66.7%,0.91,Lack1,12-19,78.8,61.9%,0.78,SELLTER,6-16,44.5,57.1%,0.64,jL,26-17,140.6,76.2%,1.87,jkaem,18-14,89.7,76.2%,1.47,STYKO,16-11,73.6,81.0%,1.29,nawwk,13-13,61.8,71.4%,1.07,kyxsan,9-15,46.3,76.2%,0.74
27 Mar 19:00 2363386,Boca Juniors,CARECAS,Nuke,lenci,24-13,93.5,80.8%,1.63,tomaszin,27-17,106.0,88.5%,1.52,MRN1,23-17,108.2,76.9%,1.48,pavv,17-16,62.9,76.9%,1.02,atarax1a,12-17,57.2,80.8%,0.93,saadzin,15-18,60.7,61.5%,0.93,fokiu,18-22,75.4,57.7%,0.92,jz,18-20,79.7,65.4%,0.86,stormzyn,14-22,74.0,61.5%,0.80,zdr,14-23,57.0,57.7%,0.66,Anubis,pavv,23-21,97.3,82.1%,1.36,tomaszin,27-17,78.1,82.1%,1.28,MRN1,18-21,74.7,67.9%,0.95,atarax1a,13-20,54.5,64.3%,0.76,lenci,11-19,52.4,64.3%,0.70,jz,21-17,89.9,85.7%,1.43,fokiu,26-16,83.2,75.0%,1.38,RMN,25-20,80.9,71.4%,1.15,stormzyn,17-21,83.7,71.4%,1.06,zdr,9-18,39.6,75.0%,0.76,Inferno,lenci,26-11,94.9,91.7%,1.61,tomaszin,20-10,94.4,79.2%,1.51,atarax1a,20-13,81.1,75.0%,1.28,pavv,18-14,72.2,66.7%,1.14,MRN1,10-15,75.8,79.2%,0.94,stormzyn,18-18,86.5,50.0%,1.05,jz,12-19,64.4,58.3%,0.77,RMN,15-20,54.9,62.5%,0.76,fokiu,10-19,47.5,75.0%,0.75,zdr,8-18,45.6,45.8%,0.68
27 Mar 16:00 2363284,1WIN,Falcons,Vertigo,TRAVIS,12-16,58.1,69.6%,0.90,Forester,15-19,68.3,47.8%,0.84,NickelBack,12-18,63.9,56.5%,0.77,deko,7-15,42.9,39.1%,0.56,Boombl4,6-20,49.9,43.5%,0.44,kennyS,24-9,94.7,87.0%,1.60,bodyy,19-10,94.2,82.6%,1.49,misutaaa,20-9,88.3,87.0%,1.46,Python,15-11,67.1,73.9%,1.12,NBK-,10-13,64.9,73.9%,0.97,Overpass,TRAVIS,35-11,147.7,84.0%,2.18,deko,20-11,83.4,84.0%,1.37,NickelBack,20-13,73.4,84.0%,1.29,Forester,18-13,73.4,88.0%,1.29,Boombl4,11-13,63.0,76.0%,0.94,NBK-,13-22,76.9,36.0%,0.82,misutaaa,14-20,56.5,68.0%,0.74,bodyy,12-20,52.6,52.0%,0.68,Python,9-20,53.2,56.0%,0.62,kennyS,12-22,55.3,48.0%,0.62,Nuke,TRAVIS,21-19,69.8,90.0%,1.19,deko,22-22,77.6,80.0%,1.17,Forester,17-18,76.3,76.7%,1.09,NickelBack,20-21,69.0,73.3%,1.01,Boombl4,14-23,57.8,66.7%,0.71,bodyy,28-19,114.5,76.7%,1.54,kennyS,17-14,56.6,80.0%,1.06,misutaaa,20-21,67.6,76.7%,1.03,Python,21-20,73.1,76.7%,1.03,NBK-,17-20,58.6,73.3%,0.96
0 0 2363385,unknown,unknown,,,,,,,,,,,,,,,,,,,,,,,,,,,,,,,,,,,,,,,,,,,,,,,,,,,,,,,,,,,,,,,,,,,,,,,,,,,,,,,,,,,,,,,,,,,,,,,,,,,,,,,,,,,,,,,,,,,,,,,,,,,,,,,,,,,,,,,,,,,,,,,,,,,,,,,,,
27 Mar 14:00 2363288,ECLOT,359,Inferno,anarkez,19-14,62.9,72.0%,1.11,nbqq,18-21,86.4,64.0%,0.97,Valencio,16-16,63.1,68.0%,0.93,Dytor,15-20,61.3,52.0%,0.71,K1-FiDa,5-19,42.2,60.0%,0.48,dream3r,27-13,101.6,72.0%,1.57,bubble,19-16,101.2,84.0%,1.47,shaiK,19-14,57.7,88.0%,1.19,oxygeN,14-13,66.4,64.0%,0.94,hybrid,11-19,59.5,68.0%,0.87,Mirage,Valencio,19-16,78.0,60.0%,1.11,anarkez,17-16,71.3,80.0%,1.11,nbqq,18-20,88.8,60.0%,1.10,Dytor,11-19,52.4,48.0%,0.60,K1-FiDa,7-18,36.5,44.0%,0.47,bubble,26-12,116.3,72.0%,1.75,oxygeN,17-15,72.2,72.0%,1.09,hybrid,17-15,68.9,76.0%,1.04,shaiK,16-13,61.4,72.0%,0.99,dream3r,13-17,59.8,64.0%,0.85,,,,,,,,,,,,,,,,,,,,,,,,,,,,,,,,,,,,,,,,,,,,,,,,,,,
27 Mar 12:30 2363283,GODSENT,HEET,Ancient,draken,25-16,85.9,79.3%,1.39,joel,20-15,74.6,75.9%,1.29,RuStY,19-18,80.5,79.3%,1.06,ztr,17-16,60.3,62.1%,0.98,Plopski,17-18,67.4,65.5%,0.97,Lucky,19-18,85.1,65.5%,1.16,Maka,18-17,64.2,69.0%,1.03,Ex3rcice,15-16,62.6,62.1%,0.88,Djoko,18-24,69.0,55.2%,0.71,xReal,12-23,44.9,44.8%,0.58,Inferno,joel,31-14,130.3,87.5%,1.96,RuStY,18-15,76.1,79.2%,1.11,Plopski,17-15,86.2,66.7%,1.11,draken,14-12,60.9,75.0%,1.06,ztr,13-12,60.4,75.0%,1.05,Lucky,20-19,86.2,75.0%,1.13,xReal,16-18,70.9,62.5%,0.92,Djoko,14-20,70.8,58.3%,0.79,Maka,9-19,61.5,58.3%,0.73,Ex3rcice,9-19,48.5,41.7%,0.60,,,,,,,,,,,,,,,,,,,,,,,,,,,,,,,,,,,,,,,,,,,,,,,,,,,
27 Mar 12:55 2363349,Grayhound,Stirlzs Angels,Ancient,INS,24-14,96.2,92.0%,1.49,Vexite,23-16,101.0,68.0%,1.40,Sico,20-14,74.4,72.0%,1.20,aliStair,17-13,64.0,72.0%,1.16,Liazz,7-15,51.6,76.0%,0.80,Drox,16-20,81.5,60.0%,0.93,toM,15-16,53.9,60.0%,0.90,ObZen,15-19,84.0,52.0%,0.89,callum_murray,13-16,47.6,64.0%,0.80,gump,12-20,53.1,52.0%,0.58,Inferno,INS,25-6,150.5,100.0%,2.61,Sico,14-7,75.8,94.1%,1.51,aliStair,11-4,71.3,94.1%,1.47,Liazz,12-8,65.9,82.4%,1.23,Vexite,10-13,79.4,76.5%,1.03,Drox,7-13,58.8,58.8%,0.66,callum_murray,10-15,58.4,52.9%,0.63,gump,8-15,59.5,58.8%,0.58,toM,6-15,64.4,64.7%,0.57,ObZen,5-14,35.5,41.2%,0.35,,,,,,,,,,,,,,,,,,,,,,,,,,,,,,,,,,,,,,,,,,,,,,,,,,,
27 Mar 11:00 2363287,Enterprise,empire goblins,Ancient,Pechyn,31-14,122.6,81.5%,1.79,zur1s,19-12,71.0,77.8%,1.21,M1key,19-15,75.5,74.1%,1.13,SYSTEM,16-17,67.8,63.0%,0.94,leckr,15-18,60.1,51.9%,0.88,zame,24-21,73.4,66.7%,1.12,thomass1,15-20,73.9,55.6%,0.91,miko,12-19,70.4,55.6%,0.89,markow,13-21,60.8,51.9%,0.71,mathio,10-21,44.6,55.6%,0.57,Inferno,SYSTEM,19-13,100.3,65.2%,1.43,Pechyn,17-7,74.2,78.3%,1.38,zur1s,15-7,74.5,82.6%,1.34,leckr,17-12,68.0,73.9%,1.15,M1key,17-14,79.3,65.2%,1.15,markow,15-16,74.0,52.2%,0.90,miko,12-19,64.5,56.5%,0.81,thomass1,10-17,58.7,52.2%,0.69,zame,10-15,42.1,56.5%,0.64,mathio,6-18,45.0,56.5%,0.48,,,,,,,,,,,,,,,,,,,,,,,,,,,,,,,,,,,,,,,,,,,,,,,,,,,
27 Mar 09:00 2363352,VERTEX,sunday school,Nuke,pz,24-8,142.3,88.9%,2.25,hazr,18-4,76.8,94.4%,1.63,ADDICT,15-7,90.7,83.3%,1.38,malta,14-9,92.3,83.3%,1.36,BRACE,11-10,64.8,77.8%,0.99,rekonz,15-16,102.6,61.1%,1.09,guag,8-17,65.4,50.0%,0.64,versa,7-16,48.6,38.9%,0.49,mizzy,7-16,42.1,44.4%,0.41,nexar,1-17,19.8,38.9%,0.22,Overpass,hazr,21-22,87.5,75.0%,1.11,ADDICT,19-20,65.2,71.4%,0.98,malta,19-22,75.5,64.3%,0.94,pz,16-21,61.4,64.3%,0.84,BRACE,13-22,65.7,64.3%,0.75,versa,32-12,108.8,78.6%,1.86,rekonz,18-16,63.7,85.7%,1.10,mizzy,20-20,73.6,71.4%,1.06,guag,17-21,79.9,78.6%,1.02,nexar,19-19,68.7,75.0%,1.01,Inferno,hazr,27-15,112.3,80.0%,1.71,BRACE,19-15,70.6,84.0%,1.18,malta,17-15,79.5,76.0%,1.17,pz,15-13,72.9,56.0%,1.04,ADDICT,16-16,61.0,80.0%,1.01,rekonz,16-16,68.5,68.0%,1.05,mizzy,17-20,73.2,52.0%,0.86,guag,17-17,67.0,60.0%,0.86,nexar,12-22,78.4,68.0%,0.78,versa,12-19,54.7,52.0%,0.77
27 Mar 02:15 2363335,Mythic,Davenport University,Vertigo,hate,24-13,96.0,82.6%,1.52,fl0m,21-12,97.4,78.3%,1.42,Cooper,20-14,95.8,69.6%,1.31,Trucklover86,16-17,81.0,73.9%,1.07,freakazoid,10-13,56.3,69.6%,0.85,Danejoris,18-16,75.9,65.2%,1.03,Austin,20-18,81.9,69.6%,1.02,Pugg,10-19,74.7,73.9%,0.87,corn,10-21,63.0,60.9%,0.74,RiFT,11-18,46.7,52.2%,0.65,Inferno,hate,28-20,97.2,71.4%,1.38,fl0m,21-19,93.3,64.3%,1.10,freakazoid,18-20,73.0,67.9%,0.95,Trucklover86,13-18,59.1,60.7%,0.82,Cooper,12-21,40.9,53.6%,0.69,RiFT,22-17,72.4,75.0%,1.24,Austin,21-19,94.0,60.7%,1.17,corn,19-20,78.1,75.0%,1.06,Pugg,19-17,70.7,78.6%,1.00,Danejoris,16-19,58.6,75.0%,0.98,Overpass,Cooper,35-18,119.9,71.4%,1.88,freakazoid,23-17,83.5,67.9%,1.26,fl0m,19-17,72.2,71.4%,1.00,Trucklover86,15-16,59.6,75.0%,0.95,hate,15-18,66.1,75.0%,0.92,corn,19-21,88.4,67.9%,0.99,Pugg,17-18,71.6,64.3%,0.92,Danejoris,18-21,69.8,64.3%,0.85,RiFT,16-22,56.2,53.6%,0.76,Austin,15-25,67.8,50.0%,0.75
27 Mar 02:00 2363334,Snakes Den,1 JIN,Inferno,Cyrix,32-24,91.8,75.0%,1.28,Lake,30-22,88.2,69.4%,1.27,DJF,30-29,84.3,63.9%,1.01,Seb,18-29,61.1,66.7%,0.72,bird,12-27,46.3,69.4%,0.67,Jason,28-29,83.3,77.8%,1.19,LEARSI,23-21,77.5,80.6%,1.14,hoggy,29-29,82.9,63.9%,1.14,Peeping,27-24,80.2,72.2%,1.10,sacrifice,22-20,66.9,77.8%,1.07,Vertigo,DJF,21-22,83.5,65.4%,1.02,Seb,16-18,67.1,61.5%,0.98,Cyrix,15-19,67.2,65.4%,0.86,Lake,15-22,73.4,65.4%,0.83,bird,8-18,43.5,61.5%,0.57,Jason,28-16,98.5,80.8%,1.57,hoggy,23-16,94.9,73.1%,1.32,LEARSI,16-16,84.3,76.9%,1.14,Peeping,18-16,69.9,69.2%,1.12,sacrifice,12-11,48.4,73.1%,0.93,,,,,,,,,,,,,,,,,,,,,,,,,,,,,,,,,,,,,,,,,,,,,,,,,,,
27 Mar 01:15 2363336,Detonate SparX,Shimmer,Mirage,Kionetta,9-16,54.7,47.4%,0.68,Bouchard,8-16,67.3,57.9%,0.62,sapphire,9-19,61.9,47.4%,0.52,Andrea,10-18,64.9,47.4%,0.52,Chowdzz,7-16,47.6,31.6%,0.41,lisa,20-6,98.7,89.5%,1.93,Lx,19-7,97.5,89.5%,1.77,empathy,18-12,102.1,84.2%,1.60,abby,16-11,85.1,78.9%,1.42,vanessa,12-8,76.9,78.9%,1.23,Inferno,Chowdzz,21-22,87.2,67.9%,1.11,Kionetta,20-20,66.1,75.0%,1.06,Bouchard,18-17,68.9,64.3%,0.97,Andrea,14-23,70.2,67.9%,0.74,sapphire,15-25,56.7,60.7%,0.62,vanessa,25-18,99.1,82.1%,1.38,empathy,23-21,102.1,67.9%,1.27,lisa,23-16,70.4,82.1%,1.23,abby,17-16,64.2,71.4%,1.07,Lx,17-17,71.5,75.0%,1.00,,,,,,,,,,,,,,,,,,,,,,,,,,,,,,,,,,,,,,,,,,,,,,,,,,,
27 Mar 01:43 2363307,CARECAS,MIBR Academy,,,,,,,,,,,,,,,,,,,,,,,,,,,,,,,,,,,,,,,,,,,,,,,,,,,,,,,,,,,,,,,,,,,,,,,,,,,,,,,,,,,,,,,,,,,,,,,,,,,,,,,,,,,,,,,,,,,,,,,,,,,,,,,,,,,,,,,,,,,,,,,,,,,,,,,,,
26 Mar 21:00 2363355,Arcadia,HYDRA,Ancient,drac,23-11,79.6,79.2%,1.43,Diviiii,21-13,79.7,75.0%,1.41,SBT,19-15,102.1,70.8%,1.35,unshaark,19-15,97.9,75.0%,1.33,devoduvek,12-12,68.3,75.0%,0.98,Vert,16-17,75.5,66.7%,0.91,fozil,17-20,79.2,50.0%,0.86,enzero,13-19,66.8,50.0%,0.73,H4SAN4TOR,10-20,62.5,50.0%,0.67,leri511,10-20,45.5,50.0%,0.61,Overpass,Diviiii,18-18,69.2,74.1%,1.02,drac,18-18,71.8,70.4%,1.01,SBT,17-21,77.6,55.6%,0.89,devoduvek,16-21,70.1,59.3%,0.84,unshaark,14-23,56.0,59.3%,0.74,fozil,29-17,102.4,77.8%,1.60,H4SAN4TOR,18-16,73.3,70.4%,1.22,leri511,23-17,77.2,66.7%,1.19,Vert,16-17,81.8,88.9%,1.12,enzero,14-17,54.4,70.4%,0.86,Nuke,unshaark,20-20,89.5,69.6%,1.14,devoduvek,15-20,94.1,65.2%,1.00,Diviiii,13-17,54.1,65.2%,0.84,SBT,10-16,57.8,60.9%,0.73,drac,9-16,40.9,69.6%,0.65,leri511,23-13,93.8,82.6%,1.47,fozil,19-16,89.8,78.3%,1.38,H4SAN4TOR,19-14,87.8,91.3%,1.38,Vert,17-11,84.7,82.6%,1.33,enzero,11-13,51.9,65.2%,0.82
26 Mar 19:00 2363249,Iron Branch,Believe,Overpass,Ganginho,24-10,89.1,88.5%,1.60,sad,24-17,85.8,65.4%,1.29,MaSvAl,17-16,86.9,80.8%,1.20,nifee,16-15,75.1,80.8%,1.16,jR,10-22,42.4,50.0%,0.60,volt,20-14,68.7,80.8%,1.19,Banjo,20-17,75.4,76.9%,1.18,Maze,18-17,75.3,65.4%,1.00,suNny,14-20,68.0,80.8%,0.90,isk,1-3,6.9,88.5%,0.88,Inferno,MaSvAl,25-16,91.7,86.7%,1.39,Ganginho,23-16,76.8,70.0%,1.20,nifee,16-18,65.2,76.7%,1.07,jR,19-18,67.0,80.0%,1.04,sad,15-15,53.3,63.3%,0.90,suNny,21-18,76.3,80.0%,1.18,Banjo,20-21,86.9,60.0%,1.03,Maze,15-19,61.7,63.3%,0.89,isk,15-19,48.1,73.3%,0.83,milky,12-21,45.7,70.0%,0.75,,,,,,,,,,,,,,,,,,,,,,,,,,,,,,,,,,,,,,,,,,,,,,,,,,,
26 Mar 19:00 2363305,Case,Desorganizados,Inferno,Snowzin,22-18,85.6,75.0%,1.36,yepz,25-18,86.9,78.6%,1.27,steel,20-14,82.6,71.4%,1.21,honda,18-16,79.1,82.1%,1.16,RCF,17-16,62.5,82.1%,1.14,nacho,25-19,72.2,67.9%,1.25,alexer,19-20,91.2,75.0%,1.15,righi,17-17,75.6,64.3%,1.05,abizz,10-23,69.6,57.1%,0.63,Hezz,10-23,41.2,64.3%,0.59,Mirage,RCF,23-12,91.2,76.0%,1.58,honda,26-19,105.6,76.0%,1.38,steel,16-15,74.4,72.0%,1.05,Snowzin,16-20,73.6,60.0%,1.03,yepz,9-17,48.3,76.0%,0.71,Hezz,24-16,99.0,80.0%,1.36,nacho,18-19,74.1,72.0%,1.01,alexer,15-19,78.8,68.0%,0.93,abizz,16-21,67.4,72.0%,0.85,righi,10-15,47.0,68.0%,0.78,,,,,,,,,,,,,,,,,,,,,,,,,,,,,,,,,,,,,,,,,,,,,,,,,,,
26 Mar 16:00 2363248,500,Partizan,Anubis,niki1,22-17,76.3,78.6%,1.23,Rainwaker,18-19,84.8,82.1%,1.07,SHiPZ,14-21,62.6,60.7%,0.84,Patrick,12-18,48.2,57.1%,0.76,dennyslaw,10-19,42.6,64.3%,0.69,KalubeR,27-14,91.9,92.9%,1.57,ROGA,21-11,63.6,82.1%,1.30,c0llins,17-19,81.5,89.3%,1.11,Duplicate,17-13,66.4,78.6%,1.08,emi,11-19,49.9,67.9%,0.80,Ancient,dennyslaw,26-15,82.6,80.0%,1.35,SHiPZ,23-22,104.4,76.7%,1.31,Rainwaker,18-15,66.4,73.3%,1.11,Patrick,18-22,70.9,70.0%,0.94,niki1,16-22,61.8,56.7%,0.81,ROGA,23-18,67.8,73.3%,1.18,c0llins,18-20,75.9,56.7%,1.06,Duplicate,18-21,69.0,73.3%,0.97,emi,18-22,63.1,63.3%,0.86,KalubeR,15-21,67.1,70.0%,0.85,Inferno,SHiPZ,28-23,105.6,65.5%,1.27,Rainwaker,22-20,89.8,75.9%,1.20,dennyslaw,17-16,59.2,75.9%,1.05,niki1,14-21,57.4,69.0%,0.81,Patrick,11-21,52.3,65.5%,0.66,KalubeR,25-18,93.9,82.8%,1.39,ROGA,26-19,84.4,72.4%,1.32,Duplicate,15-13,55.2,86.2%,1.05,c0llins,16-19,68.8,72.4%,1.00,emi,19-25,66.9,75.9%,0.92
26 Mar 16:00 2363354,9 Pandas Fearless,NIP Impact,Vertigo,f6tal,30-13,101.0,80.8%,1.64,Elizabeth,21-18,90.3,80.8%,1.28,Ksu,18-19,84.1,73.1%,1.18,Victoria,18-16,76.9,61.5%,1.11,t4tty,16-15,62.1,76.9%,1.01,Nayomy,19-22,83.4,76.9%,1.07,Qiyarah,18-21,72.2,73.1%,1.05,pauliiee,18-19,78.7,61.5%,1.04,jenkon,14-20,69.7,57.7%,0.83,ASTRA,12-21,53.5,57.7%,0.71,Mirage,Ksu,20-20,75.6,53.3%,0.98,t4tty,19-21,69.8,63.3%,0.98,Elizabeth,19-22,68.6,63.3%,0.88,Victoria,13-24,54.3,46.7%,0.71,f6tal,14-25,62.8,56.7%,0.64,ASTRA,30-16,109.8,83.3%,1.66,pauliiee,27-19,98.3,80.0%,1.36,Qiyarah,18-17,58.0,83.3%,1.14,Nayomy,17-15,68.5,83.3%,1.12,jenkon,19-18,62.2,83.3%,1.00,Anubis,Victoria,24-21,74.8,66.7%,1.13,t4tty,23-19,75.3,60.0%,1.08,Ksu,21-22,83.2,70.0%,1.04,Elizabeth,18-23,67.4,66.7%,0.91,f6tal,15-24,74.9,70.0%,0.81,Qiyarah,31-21,106.1,76.7%,1.59,ASTRA,24-21,74.9,66.7%,1.16,Nayomy,21-20,81.0,63.3%,1.11,pauliiee,16-19,69.4,80.0%,0.94,jenkon,16-20,56.3,70.0%,0.81
26 Mar 16:15 2363330,K23,MOUZ NXT,Inferno,Magnojez,18-9,73.5,86.4%,1.48,Jyo,18-12,96.0,77.3%,1.44,Raijin,15-10,88.3,81.8%,1.35,X5G7V,17-12,76.2,81.8%,1.26,iDISBALANCE,12-9,61.2,86.4%,1.23,sl3nd,10-14,46.0,68.2%,0.76,Q-Q,11-14,56.6,50.0%,0.74,Nexius,13-18,62.3,40.9%,0.67,TOBIZ,5-17,47.9,68.2%,0.62,Chr1zN,10-17,64.0,54.5%,0.61,Ancient,X5G7V,29-17,125.0,74.1%,1.67,Magnojez,22-14,86.4,85.2%,1.39,Raijin,20-15,77.3,77.8%,1.22,iDISBALANCE,14-9,53.2,81.5%,1.11,Jyo,13-15,50.2,66.7%,0.78,Chr1zN,16-18,80.7,66.7%,1.01,TOBIZ,15-18,58.1,63.0%,0.83,sl3nd,12-19,64.8,59.3%,0.82,Q-Q,13-21,52.5,55.6%,0.69,Nexius,13-22,58.0,48.1%,0.68,,,,,,,,,,,,,,,,,,,,,,,,,,,,,,,,,,,,,,,,,,,,,,,,,,,
26 Mar 16:00 2363304,INTZ,Boca Juniors,Nuke,w1,25-20,96.5,71.4%,1.29,Leomonster,19-17,66.4,71.4%,1.10,lub,19-17,68.4,64.3%,1.08,desh,16-14,62.2,60.7%,0.98,BobZ,15-17,61.6,64.3%,0.84,atarax1a,20-18,76.0,64.3%,1.15,lenci,14-16,62.2,71.4%,1.01,pavv,18-19,80.1,75.0%,0.98,MRN1,17-20,59.9,60.7%,0.86,tomaszin,15-21,70.4,53.6%,0.80,Anubis,desh,19-6,100.8,90.0%,1.79,Leomonster,25-14,105.7,75.0%,1.49,w1,15-9,90.7,85.0%,1.32,lub,15-9,69.1,85.0%,1.29,BobZ,17-13,99.2,75.0%,1.25,pavv,19-17,103.3,80.0%,1.42,tomaszin,9-19,74.8,55.0%,0.72,lenci,9-18,53.1,60.0%,0.58,MRN1,10-20,63.7,45.0%,0.56,atarax1a,4-18,39.4,35.0%,0.36,,,,,,,,,,,,,,,,,,,,,,,,,,,,,,,,,,,,,,,,,,,,,,,,,,,
26 Mar 13:00 2363329,Illuminar,BIG Academy,Vertigo,mASKED,17-17,67.4,71.4%,0.93,zaNNN,11-17,63.2,66.7%,0.71,bnox,11-17,47.3,52.4%,0.65,TOAO,7-17,47.9,47.6%,0.50,morelz,5-18,52.9,42.9%,0.49,prosus,22-13,107.3,76.2%,1.69,s1n,19-6,91.4,90.5%,1.60,S3NSEY,16-10,74.0,81.0%,1.31,skyye,15-11,79.6,76.2%,1.28,ArroW,13-11,75.7,85.7%,1.25,Inferno,morelz,23-15,97.4,84.0%,1.56,bnox,21-14,87.2,80.0%,1.44,mASKED,16-10,67.4,88.0%,1.30,zaNNN,16-17,60.8,72.0%,0.96,TOAO,8-16,53.7,60.0%,0.76,s1n,17-14,77.8,72.0%,1.14,ArroW,17-18,81.8,80.0%,1.08,prosus,15-20,74.1,68.0%,1.01,S3NSEY,15-15,51.6,68.0%,0.83,skyye,8-18,44.6,60.0%,0.66,Mirage,zaNNN,29-17,104.4,82.8%,1.50,bnox,22-15,79.4,69.0%,1.25,mASKED,23-18,73.6,72.4%,1.18,morelz,16-23,75.1,69.0%,0.95,TOAO,6-22,32.4,48.3%,0.41,s1n,26-17,93.8,69.0%,1.41,prosus,18-23,70.9,82.8%,1.00,S3NSEY,18-18,56.7,65.5%,0.98,ArroW,16-17,59.1,65.5%,0.91,skyye,17-21,71.4,62.1%,0.84
26 Mar 13:45 2363333,Wheel Chair,Do Not Disturb La,Nuke,Terryyy,21-18,97.3,88.5%,1.33,JeffVanB,21-15,78.3,69.2%,1.28,Loka,23-15,90.7,65.4%,1.21,sunshinez,23-15,62.3,65.4%,1.15,H1mz,11-16,72.6,76.9%,1.14,Psych0,18-23,92.0,69.2%,1.09,De3tr0y,18-18,69.3,65.4%,1.05,JET0,15-21,70.6,57.7%,0.84,4jai,15-19,51.4,69.2%,0.82,SmiLoL,13-18,61.9,65.4%,0.78,Vertigo,sunshinez,24-12,99.3,68.0%,1.57,Terryyy,22-18,103.4,80.0%,1.37,H1mz,17-13,85.5,80.0%,1.26,Loka,18-14,63.5,96.0%,1.24,JeffVanB,16-13,65.4,80.0%,1.06,De3tr0y,21-18,87.6,64.0%,1.10,food,15-17,71.6,64.0%,0.95,SmiLoL,12-21,68.9,56.0%,0.77,JET0,12-21,59.7,48.0%,0.62,4jai,10-20,44.0,60.0%,0.57,,,,,,,,,,,,,,,,,,,,,,,,,,,,,,,,,,,,,,,,,,,,,,,,,,,
26 Mar 06:30 2363328,DeadWeight,Arena,Inferno,CyanideJr,27-19,84.2,62.1%,1.27,Kobe,17-21,85.0,69.0%,1.08,Omichella,20-21,72.9,72.4%,1.02,bogeymanh,16-21,63.0,69.0%,0.89,Mr Shark,14-21,51.7,65.5%,0.82,bebest,31-17,89.1,65.5%,1.38,Oath,20-18,80.8,75.9%,1.14,neo,20-20,74.9,79.3%,1.09,Kiyo,20-19,61.7,65.5%,0.84,BaN4na,12-22,60.4,65.5%,0.79,Vertigo,bogeymanh,24-19,84.2,79.3%,1.30,Mr Shark,24-16,80.6,69.0%,1.25,Kobe,20-21,90.9,75.9%,1.13,CyanideJr,21-22,72.3,72.4%,1.01,Omichella,13-20,48.8,65.5%,0.74,Oath,24-19,94.4,65.5%,1.32,BaN4na,27-21,87.2,58.6%,1.14,neo,19-23,84.9,65.5%,0.95,bebest,14-18,46.1,69.0%,0.83,Kiyo,11-21,51.3,62.1%,0.68,Anubis,Mr Shark,24-18,71.8,73.3%,1.19,CyanideJr,22-21,76.9,76.7%,1.12,bogeymanh,20-22,83.5,66.7%,1.12,Kobe,21-20,85.6,76.7%,1.10,Omichella,18-19,72.1,73.3%,1.10,neo,20-20,80.9,70.0%,1.13,Kiyo,20-18,66.0,76.7%,1.12,BaN4na,24-22,76.6,66.7%,1.03,Oath,19-23,71.0,73.3%,0.91,bebest,16-23,60.2,60.0%,0.74
26 Mar 03:10 2363295,Mythic,Take Flyte,Anubis,freakazoid,29-17,116.7,74.1%,1.61,hate,25-15,92.6,66.7%,1.37,Cooper,18-12,62.4,70.4%,1.18,fl0m,18-19,62.3,63.0%,0.80,Trucklover86,9-21,53.1,63.0%,0.64,Wolffe,24-20,95.9,63.0%,1.21,Umar,16-20,61.8,70.4%,0.93,hyza,16-19,62.0,63.0%,0.87,xCAPE,14-19,62.1,63.0%,0.87,nicx,14-21,76.0,63.0%,0.79,Inferno,freakazoid,18-18,86.6,76.2%,1.24,fl0m,11-17,60.5,76.2%,0.87,Trucklover86,7-16,58.1,52.4%,0.71,hate,12-17,62.7,57.1%,0.68,Cooper,7-18,33.0,61.9%,0.53,Wolffe,28-12,124.2,85.7%,1.93,hyza,21-10,98.0,85.7%,1.59,xCAPE,15-11,68.3,90.5%,1.16,nicx,12-12,66.4,90.5%,1.13,Umar,10-11,72.6,81.0%,1.10,Ancient,freakazoid,33-20,113.3,80.0%,1.54,hate,23-18,84.3,83.3%,1.23,Cooper,20-21,78.8,76.7%,1.05,fl0m,13-17,55.9,63.3%,0.85,Trucklover86,13-23,45.8,63.3%,0.64,Wolffe,22-21,89.8,70.0%,1.20,xCAPE,23-18,74.8,66.7%,1.13,nicx,20-23,72.4,70.0%,1.03,Umar,20-21,80.1,63.3%,1.00,hyza,14-20,57.4,63.3%,0.74
26 Mar 01:00 2363327,better than you,Arena,Mirage,Valiance,49-33,98.6,72.9%,1.41,HUGHMUNGUS,33-30,81.7,70.8%,1.15,Roflko,33-36,89.7,66.7%,1.12,motion,27-31,57.4,66.7%,0.85,Tham,21-29,46.1,68.8%,0.81,Kiyo,38-32,83.6,68.8%,1.22,Oath,39-31,75.4,68.8%,1.14,BaN4na,31-33,71.0,62.5%,0.99,neo,27-38,72.2,64.6%,0.86,bebest,24-29,53.6,60.4%,0.79,Overpass,motion,23-14,90.0,79.2%,1.54,Roflko,21-14,93.5,79.2%,1.43,Valiance,21-16,91.6,87.5%,1.32,HUGHMUNGUS,15-13,84.0,87.5%,1.26,Tham,16-13,68.7,75.0%,1.17,BaN4na,16-22,76.3,66.7%,0.81,Kiyo,14-19,59.5,75.0%,0.79,neo,14-19,63.0,62.5%,0.79,Oath,15-19,68.9,58.3%,0.76,bebest,11-19,60.1,45.8%,0.64,Inferno,Valiance,29-28,93.7,80.0%,1.25,motion,23-23,69.3,62.9%,1.03,Roflko,24-25,71.6,54.3%,0.96,HUGHMUNGUS,18-26,64.0,48.6%,0.76,Tham,15-25,57.3,57.1%,0.71,neo,23-20,73.9,77.1%,1.20,bebest,29-20,77.1,71.4%,1.17,Oath,22-20,68.2,71.4%,1.13,Kiyo,25-27,77.7,62.9%,1.07,BaN4na,26-23,77.4,65.7%,1.06
26 Mar 03:30 2363299,MIBR,Nouns,Vertigo,brnz4n,21-10,122.0,94.4%,2.07,HEN1,19-6,91.3,100.0%,1.90,exit,15-6,83.0,88.9%,1.53,insani,15-14,96.8,88.9%,1.32,Tuurtle,11-10,67.8,72.2%,1.29,Bwills,14-16,77.1,55.6%,0.78,nosraC,8-16,62.3,66.7%,0.63,MarKE,12-17,67.7,61.1%,0.62,cynic,8-17,65.8,44.4%,0.57,cJ,3-16,40.8,50.0%,0.27,Inferno,HEN1,23-13,82.4,92.6%,1.48,brnz4n,22-15,88.5,81.5%,1.43,exit,19-11,80.0,88.9%,1.37,insani,20-18,90.0,66.7%,1.15,Tuurtle,19-18,67.0,74.1%,1.07,cJ,21-19,73.6,77.8%,1.12,Bwills,18-21,78.7,59.3%,0.95,nosraC,13-18,43.2,66.7%,0.83,cynic,14-25,74.4,55.6%,0.69,MarKE,9-21,51.4,55.6%,0.57,,,,,,,,,,,,,,,,,,,,,,,,,,,,,,,,,,,,,,,,,,,,,,,,,,,
26 Mar 01:00 2363298,Davenport University,Cartel terraza,Inferno,RiFT,21-10,79.2,70.8%,1.48,Pugg,18-15,81.0,83.3%,1.27,corn,17-12,81.5,75.0%,1.19,Austin,15-15,78.4,79.2%,1.19,Danejoris,16-16,81.5,70.8%,1.04,Guepard,5-2,16.9,95.8%,1.13,Marro,20-18,85.4,70.8%,1.10,pacmanN,15-18,75.5,62.5%,1.02,k1Nky,12-19,59.5,50.0%,0.78,LegenD,10-15,47.4,58.3%,0.77,Nuke,RiFT,24-20,93.4,70.4%,1.22,Danejoris,17-21,72.8,74.1%,0.96,Austin,18-21,73.2,51.9%,0.92,corn,18-22,76.8,59.3%,0.84,Pugg,11-21,47.1,63.0%,0.64,pacmanN,25-21,116.0,81.5%,1.54,k1Nky,25-17,89.5,81.5%,1.44,LegenD,26-17,79.5,74.1%,1.31,Marro,15-17,69.9,70.4%,1.01,KOT3,14-17,58.4,70.4%,0.93,Anubis,Pugg,25-21,108.4,82.8%,1.43,Danejoris,26-17,89.7,79.3%,1.36,corn,20-18,72.0,82.8%,1.11,RiFT,21-18,54.7,65.5%,0.92,Austin,12-20,54.8,69.0%,0.78,k1Nky,28-21,90.2,79.3%,1.28,Marro,23-24,95.2,69.0%,1.18,KOT3,21-15,60.1,82.8%,1.17,LegenD,13-22,56.9,75.9%,0.82,pacmanN,8-22,54.8,65.5%,0.69
26 Mar 01:00 2363296,Snakes Den,Limitless,Mirage,Lake,28-14,115.8,76.0%,1.78,Seb,16-12,71.0,80.0%,1.19,Cyrix,16-16,62.7,72.0%,1.07,DJF,15-15,66.8,76.0%,1.05,bird,16-16,69.5,72.0%,1.01,JBa,14-17,74.2,84.0%,1.04,scar,18-22,91.5,68.0%,0.99,kmrn,16-15,62.0,72.0%,0.92,Makzwell,15-18,53.3,68.0%,0.87,Grizz,10-19,50.4,52.0%,0.63,Ancient,Lake,19-19,95.1,76.9%,1.08,DJF,18-18,77.6,73.1%,1.08,Cyrix,21-22,73.1,69.2%,0.91,bird,16-19,71.1,61.5%,0.90,Seb,13-20,56.8,73.1%,0.75,scar,28-16,114.5,80.8%,1.66,JBa,21-17,84.4,84.6%,1.37,kmrn,20-18,84.7,73.1%,1.19,Makzwell,17-16,49.7,69.2%,1.05,Grizz,11-21,62.0,61.5%,0.73,Nuke,DJF,20-17,75.4,84.6%,1.16,Lake,20-22,107.3,76.9%,1.14,Seb,20-16,76.2,84.6%,1.10,Cyrix,17-16,58.9,73.1%,1.03,bird,5-19,35.5,53.8%,0.50,scar,22-14,88.8,76.9%,1.41,JBa,21-17,68.5,76.9%,1.27,kmrn,20-17,85.8,80.8%,1.14,Makzwell,12-14,46.3,65.4%,0.94,Grizz,15-20,72.3,69.2%,0.92
26 Mar 01:00 2363297,Tsunami,1 JIN,Vertigo,dea,23-15,86.1,70.8%,1.42,dAVE,12-18,67.1,66.7%,0.83,supa,12-19,65.6,41.7%,0.80,Magic,12-16,56.5,70.8%,0.79,Ethex,8-17,49.7,45.8%,0.66,Peeping,22-17,92.4,66.7%,1.30,hoggy,16-13,67.0,70.8%,1.14,Jason,15-14,69.5,70.8%,1.10,sacrifice,15-12,79.9,62.5%,1.07,LEARSI,17-11,61.0,70.8%,1.01,Inferno,dea,24-21,100.9,79.3%,1.30,supa,23-23,92.8,65.5%,1.24,dAVE,21-18,77.9,79.3%,1.11,Ethex,15-19,52.8,69.0%,0.84,Magic,9-19,31.1,72.4%,0.64,Jason,26-18,93.1,72.4%,1.35,sacrifice,24-18,89.4,75.9%,1.31,LEARSI,20-14,69.8,86.2%,1.21,hoggy,13-20,55.4,62.1%,0.83,Peeping,17-22,62.1,62.1%,0.78,,,,,,,,,,,,,,,,,,,,,,,,,,,,,,,,,,,,,,,,,,,,,,,,,,,
26 Mar 01:00 2363271,ATK,EG Black,Overpass,Swisher,24-14,90.1,76.9%,1.38,djay,24-14,91.4,84.6%,1.37,b0denmaster,20-14,80.8,61.5%,1.18,MisteM,15-19,67.0,61.5%,0.92,reck,15-17,70.3,65.4%,0.87,junior,23-20,105.4,73.1%,1.43,Walco,20-21,86.3,50.0%,0.96,HexT,13-20,63.0,53.8%,0.76,Jeorge,10-16,38.4,65.4%,0.71,RUSH,12-21,43.0,50.0%,0.51,Mirage,Swisher,28-14,105.9,76.9%,1.66,MisteM,20-19,91.2,80.8%,1.29,djay,18-12,74.8,76.9%,1.20,b0denmaster,15-15,55.7,61.5%,1.01,reck,11-16,48.0,61.5%,0.74,Walco,17-18,74.0,61.5%,1.00,junior,17-17,57.2,69.2%,0.90,RUSH,15-20,65.2,69.2%,0.85,HexT,12-16,51.7,57.7%,0.81,Jeorge,15-21,80.2,53.8%,0.81,,,,,,,,,,,,,,,,,,,,,,,,,,,,,,,,,,,,,,,,,,,,,,,,,,,
26 Mar 00:30 2363303,FURIA Academy,Furious,Mirage,kye,30-21,97.6,72.2%,1.31,kauez,30-22,83.1,75.0%,1.21,mello,23-26,58.9,52.8%,0.90,koala,21-24,56.5,69.4%,0.83,zmb,17-28,67.5,55.6%,0.70,ABM,32-21,102.4,75.0%,1.42,laser,34-26,89.2,66.7%,1.27,KAISER,23-21,64.0,72.2%,1.06,Andrew,22-28,67.6,63.9%,0.85,tom1jed,10-25,48.1,50.0%,0.57,Overpass,zmb,23-18,90.2,75.0%,1.31,kauez,23-18,81.5,71.4%,1.16,kye,21-20,85.8,67.9%,1.06,Bruninho,14-17,69.4,71.4%,0.89,mello,13-19,44.2,67.9%,0.77,KAISER,29-15,102.1,78.6%,1.62,Andrew,22-20,83.2,75.0%,1.10,laser,17-19,71.6,67.9%,0.96,tom1jed,13-21,67.5,75.0%,0.83,ABM,11-19,39.4,67.9%,0.65,,,,,,,,,,,,,,,,,,,,,,,,,,,,,,,,,,,,,,,,,,,,,,,,,,,
25 Mar 21:15 2363302,Hype,Fuscão 1500,Inferno,mlhzin,21-19,79.0,72.0%,1.09,Haz4rt,12-19,67.5,72.0%,0.91,kYOShix,16-20,66.7,64.0%,0.85,MITHPUTTINI,11-18,53.0,56.0%,0.73,SaNt0S,11-21,54.6,52.0%,0.55,DANVIET,29-15,107.4,84.0%,1.65,gbb,21-13,111.9,80.0%,1.63,nolkz,16-15,64.4,72.0%,1.11,Lcm,17-12,61.9,64.0%,1.10,roz,13-16,61.6,72.0%,0.84,Vertigo,mlhzin,26-14,102.3,73.1%,1.54,SaNt0S,21-15,79.1,73.1%,1.18,MITHPUTTINI,16-10,60.6,80.8%,1.18,kYOShix,16-17,77.7,61.5%,1.00,Haz4rt,10-19,52.1,61.5%,0.72,Lcm,23-12,82.6,73.1%,1.40,nolkz,16-17,75.0,76.9%,1.15,roz,14-18,47.3,69.2%,0.75,gbb,11-20,60.9,65.4%,0.72,DANVIET,11-22,52.8,42.3%,0.52,Ancient,Haz4rt,14-17,68.3,70.8%,0.94,SaNt0S,11-14,63.9,66.7%,0.87,kYOShix,14-16,69.8,70.8%,0.84,mlhzin,15-19,68.0,58.3%,0.82,MITHPUTTINI,7-14,36.4,70.8%,0.73,Lcm,18-9,76.1,75.0%,1.43,DANVIET,19-12,81.4,75.0%,1.34,nolkz,19-14,90.4,79.2%,1.27,gbb,15-13,66.5,70.8%,1.10,roz,9-13,48.8,70.8%,0.84
25 Mar 20:00 2363310,Atlantic,Þór,Nuke,PANDAZ,25-15,93.8,88.9%,1.54,RavlE ,26-17,101.0,77.8%,1.53,leFluff,17-16,70.6,74.1%,1.07,brnr,18-20,68.0,70.4%,0.96,Bjarni,17-20,68.4,55.6%,0.92,peterr,28-20,112.5,70.4%,1.52,ReaN,20-20,64.4,70.4%,1.01,miNideGreez,17-20,65.1,70.4%,0.87,dellONE,13-22,59.8,59.3%,0.70,allee,10-21,53.2,55.6%,0.55,Overpass,RavlE ,20-19,89.9,81.5%,1.24,PANDAZ,18-19,75.9,66.7%,0.97,brnr,15-20,69.8,66.7%,0.85,Bjarni,18-20,60.3,66.7%,0.85,leFluff,15-18,60.9,59.3%,0.81,dellONE,24-15,91.3,85.2%,1.60,allee,22-19,79.7,70.4%,1.15,miNideGreez,18-16,72.1,74.1%,1.12,peterr,18-18,74.7,70.4%,1.02,ReaN,14-18,66.1,70.4%,0.87,Anubis,PANDAZ,32-18,107.3,82.8%,1.68,brnr,23-20,91.5,72.4%,1.24,Bjarni,23-20,73.9,72.4%,1.19,leFluff,12-18,55.1,72.4%,0.87,RavlE ,14-21,59.4,72.4%,0.76,allee,28-20,116.3,72.4%,1.48,miNideGreez,18-18,54.9,75.9%,1.04,dellONE,18-22,64.0,69.0%,0.92,ReaN,18-22,72.4,69.0%,0.88,peterr,15-22,59.6,62.1%,0.75
25 Mar 19:00 2363245,Partizan,Coalesce,Inferno,emi,26-18,104.7,72.4%,1.42,ROGA,21-17,90.0,82.8%,1.26,c0llins,16-16,67.8,79.3%,1.08,Duplicate,19-19,63.0,65.5%,0.99,KalubeR,15-21,55.4,65.5%,0.73,shyyne,20-18,84.8,69.0%,1.15,dox,21-18,64.1,72.4%,1.10,leaf,19-21,76.6,75.9%,1.06,Krs7N,21-21,78.0,62.1%,1.04,AZUWU,9-20,48.0,55.2%,0.67,Vertigo,KalubeR,23-21,103.5,75.9%,1.26,emi,20-23,77.3,72.4%,1.06,c0llins,20-19,71.7,65.5%,0.98,Duplicate,18-18,68.1,75.9%,0.96,ROGA,16-17,45.7,69.0%,0.95,shyyne,23-18,84.1,75.9%,1.20,AZUWU,18-23,85.1,69.0%,1.08,leaf,21-22,87.9,69.0%,1.07,Krs7N,21-17,72.2,65.5%,1.07,dox,15-17,46.1,75.9%,0.88,Anubis,ROGA,27-10,71.2,85.7%,1.42,c0llins,26-19,77.2,77.1%,1.30,KalubeR,29-22,82.9,68.6%,1.25,emi,21-20,62.1,68.6%,0.95,Duplicate,14-22,63.6,80.0%,0.92,AZUWU,26-26,78.7,60.0%,1.11,shyyne,23-22,56.6,62.9%,0.99,Krs7N,17-24,65.9,54.3%,0.86,leaf,13-22,58.8,57.1%,0.73,dox,14-23,46.3,62.9%,0.70
25 Mar 20:05 2362243,FaZe,Natus Vincere,Ancient,Twistzz,15-14,73.8,73.9%,1.03,rain,16-17,71.2,65.2%,0.94,ropz,12-12,56.0,73.9%,0.91,karrigan,10-21,79.5,56.5%,0.68,broky,8-16,38.6,60.9%,0.60,s1mple,24-13,96.6,78.3%,1.60,electroNic,20-16,76.7,78.3%,1.25,Perfecto,12-9,77.9,82.6%,1.22,npl,11-10,56.4,87.0%,1.07,b1t,12-13,63.2,73.9%,1.06,Nuke,Twistzz,25-12,97.1,79.2%,1.60,ropz,20-15,97.6,79.2%,1.43,broky,24-13,87.2,79.2%,1.41,karrigan,10-17,56.8,66.7%,0.77,rain,6-17,40.7,54.2%,0.56,s1mple,24-19,104.9,75.0%,1.48,Perfecto,14-15,87.8,70.8%,1.09,b1t,15-15,65.2,66.7%,0.95,npl,12-19,51.3,62.5%,0.64,electroNic,9-17,52.3,58.3%,0.58,Mirage,Twistzz,24-11,84.4,84.0%,1.50,ropz,20-18,97.7,88.0%,1.47,rain,23-17,105.2,80.0%,1.45,broky,23-11,67.0,88.0%,1.33,karrigan,8-16,53.8,72.0%,0.76,electroNic,18-20,100.8,56.0%,1.17,b1t,19-20,74.9,72.0%,1.03,s1mple,14-19,67.1,64.0%,0.80,Perfecto,13-19,45.4,60.0%,0.68,npl,9-20,36.8,52.0%,0.58
25 Mar 20:00 2363279,Sharks,Flamengo,Anubis,togs,25-12,103.1,75.0%,1.50,rdnzao,22-14,102.6,79.2%,1.45,chay,21-15,94.9,79.2%,1.34,Gafolo,17-11,69.8,75.0%,1.23,drg,8-17,53.8,79.2%,0.74,SHOOWTiME,26-18,120.5,79.2%,1.74,n1ssim,16-16,73.0,66.7%,0.90,f4stzin,10-22,58.9,66.7%,0.77,delboNi,10-18,45.8,45.8%,0.61,lux,7-20,36.0,37.5%,0.39,Mirage,togs,20-16,78.7,72.0%,1.17,chay,14-18,72.0,60.0%,0.86,Gafolo,14-21,62.2,56.0%,0.69,rdnzao,9-21,51.6,52.0%,0.49,drg,6-20,38.1,44.0%,0.41,lux,26-13,95.6,92.0%,1.65,f4stzin,24-13,103.9,80.0%,1.55,n1ssim,18-10,88.8,92.0%,1.53,SHOOWTiME,14-14,64.8,72.0%,1.09,delboNi,13-13,61.8,80.0%,1.07,Ancient,rdnzao,26-14,93.1,84.0%,1.66,togs,20-15,96.3,96.0%,1.49,Gafolo,25-13,98.0,84.0%,1.48,chay,13-16,69.5,80.0%,1.04,drg,16-14,63.4,64.0%,0.97,SHOOWTiME,16-24,72.7,60.0%,0.83,n1ssim,15-20,73.9,56.0%,0.83,f4stzin,17-21,70.2,52.0%,0.74,delboNi,13-19,53.9,56.0%,0.72,lux,9-17,46.8,56.0%,0.69
25 Mar 19:00 2363281,1WIN,Monte,Mirage,Forester,23-19,90.8,82.1%,1.42,NickelBack,17-22,78.8,67.9%,1.02,TRAVIS,20-20,84.0,64.3%,1.01,deko,18-16,58.4,60.7%,0.95,Boombl4,16-18,63.6,53.6%,0.93,kRaSnaL,24-18,93.2,67.9%,1.29,Woro2k,20-16,79.0,67.9%,1.28,BOROS,21-19,87.6,71.4%,1.22,DemQQ,16-19,62.6,60.7%,0.82,sdy,14-22,47.0,64.3%,0.66,Ancient,TRAVIS,31-17,116.2,81.5%,1.77,deko,17-21,70.3,63.0%,0.88,Boombl4,16-22,74.3,51.9%,0.71,Forester,10-21,65.5,59.3%,0.67,NickelBack,11-18,46.1,59.3%,0.66,BOROS,31-19,108.4,77.8%,1.62,DemQQ,19-14,75.1,81.5%,1.19,sdy,18-17,77.4,81.5%,1.13,Woro2k,17-17,71.0,66.7%,1.03,kRaSnaL,14-19,77.0,70.4%,1.01,Nuke,deko,28-18,71.4,83.3%,1.26,NickelBack,19-23,81.9,63.3%,1.05,TRAVIS,20-19,69.2,60.0%,1.02,Boombl4,11-23,63.6,66.7%,0.75,Forester,11-21,49.1,70.0%,0.68,BOROS,29-20,93.8,70.0%,1.37,Woro2k,22-20,76.5,70.0%,1.10,DemQQ,17-16,68.2,73.3%,1.06,kRaSnaL,18-16,69.2,73.3%,1.04,sdy,18-17,67.4,80.0%,1.04
25 Mar 19:20 2363263,PROSPECTS,Young Ninjas,Ancient,Ro1f,26-17,115.6,78.3%,1.69,hype,21-13,100.0,82.6%,1.56,spooke,17-14,80.8,73.9%,1.10,bobeksde,15-14,65.5,69.6%,1.09,FRANSSON,14-12,54.8,78.3%,1.06,eraa,21-18,94.2,69.6%,1.17,nilo,17-20,78.1,56.5%,0.84,maxster,10-17,58.4,56.5%,0.76,LNZ,13-18,62.0,47.8%,0.71,adamb,7-20,52.4,60.9%,0.52,Mirage,hype,26-16,98.6,76.9%,1.40,spooke,16-21,67.5,61.5%,0.88,bobeksde,11-19,66.6,61.5%,0.80,FRANSSON,12-19,42.2,53.8%,0.72,Ro1f,11-19,52.5,50.0%,0.59,eraa,21-15,95.3,76.9%,1.26,adamb,20-18,89.7,61.5%,1.23,LNZ,22-14,72.8,69.2%,1.23,maxster,17-10,58.3,69.2%,1.18,nilo,14-19,75.4,69.2%,1.04,Overpass,spooke,26-17,96.0,92.6%,1.56,FRANSSON,24-18,107.2,81.5%,1.41,Ro1f,15-15,50.3,77.8%,1.06,bobeksde,15-17,69.4,85.2%,1.02,hype,16-13,61.5,74.1%,0.93,LNZ,17-16,70.6,74.1%,1.05,eraa,20-19,75.5,74.1%,1.03,nilo,15-20,63.3,70.4%,0.88,adamb,15-22,59.3,51.9%,0.78,maxster,13-19,52.1,63.0%,0.72
25 Mar 19:00 2363246,FTW,Believe,Inferno,stadodo,17-17,77.7,65.2%,1.05,Ag1l,18-16,86.3,65.2%,1.05,DDias,11-21,55.7,60.9%,0.64,arrozdoce,7-15,39.0,60.9%,0.59,NOPEEJ,10-22,69.1,60.9%,0.59,Banjo,25-12,115.1,91.3%,1.79,isk,20-7,70.6,87.0%,1.51,Maze,16-11,80.4,87.0%,1.32,suNny,15-17,63.6,69.6%,1.00,milky,13-18,70.2,65.2%,0.93,Vertigo,NOPEEJ,26-19,80.4,69.0%,1.24,DDias,23-26,92.8,75.9%,1.19,arrozdoce,15-19,66.9,62.1%,0.95,Ag1l,15-22,60.4,79.3%,0.88,stadodo,15-18,50.9,62.1%,0.80,suNny,26-18,88.5,89.7%,1.44,isk,26-16,83.2,82.8%,1.38,Banjo,19-15,78.6,79.3%,1.23,Maze,22-20,82.7,65.5%,1.10,milky,11-25,44.8,58.6%,0.56,,,,,,,,,,,,,,,,,,,,,,,,,,,,,,,,,,,,,,,,,,,,,,,,,,,
25 Mar 18:00 2363301,RED Canids,ODDIK,Inferno,t9rnay,20-10,74.6,75.0%,1.37,danoco,17-14,81.2,75.0%,1.28,detr0ittJ,14-13,53.1,79.2%,1.16,realz1n,13-12,74.0,75.0%,1.10,ckzao,14-13,53.2,66.7%,0.96,naitte,18-16,75.0,62.5%,1.03,remix,11-15,56.2,62.5%,0.85,r1see,12-18,67.0,58.3%,0.78,RICIOLI,10-16,63.0,50.0%,0.65,vLa,8-13,41.0,54.2%,0.64,Vertigo,realz1n,29-18,97.9,74.1%,1.49,danoco,17-23,89.8,63.0%,1.05,detr0ittJ,14-18,52.6,63.0%,0.79,t9rnay,15-21,69.9,63.0%,0.74,ckzao,13-20,53.4,66.7%,0.72,naitte,28-19,103.7,77.8%,1.42,vLa,20-17,80.6,85.2%,1.20,r1see,19-17,77.6,74.1%,1.18,remix,18-15,65.2,77.8%,1.11,RICIOLI,15-20,65.5,77.8%,1.09,Anubis,realz1n,22-7,109.0,86.4%,1.79,detr0ittJ,21-7,76.9,90.9%,1.56,danoco,20-15,98.1,81.8%,1.31,t9rnay,15-14,86.1,81.8%,1.27,ckzao,16-12,72.8,72.7%,1.09,r1see,13-18,90.2,77.3%,0.99,remix,13-18,54.9,50.0%,0.71,RICIOLI,10-19,50.9,54.5%,0.64,vLa,11-20,58.7,63.6%,0.63,naitte,8-19,45.8,45.5%,0.44
25 Mar 17:00 2363244,500,Insilio,Anubis,Patrick,15-15,87.3,68.4%,1.03,Rainwaker,9-17,60.9,57.9%,0.56,SHiPZ,6-19,46.9,36.8%,0.34,niki1,4-18,24.6,52.6%,0.23,dennyslaw,3-18,24.7,31.6%,0.16,Polt,25-10,152.3,94.7%,2.38,Pipw,22-7,108.7,89.5%,1.88,DaDte,15-5,71.8,100.0%,1.51,k4sl-,14-6,64.3,89.5%,1.50,Xant3r,11-9,74.0,94.7%,1.42,Overpass,dennyslaw,23-14,103.0,79.2%,1.55,Rainwaker,22-14,94.5,87.5%,1.54,SHiPZ,16-12,83.1,79.2%,1.26,Patrick,15-12,57.6,83.3%,1.15,niki1,10-16,55.8,83.3%,0.89,Polt,22-17,86.4,70.8%,1.25,DaDte,14-18,80.0,70.8%,0.94,k4sl-,14-15,66.1,62.5%,0.87,Xant3r,10-17,60.7,62.5%,0.77,Pipw,8-19,45.8,54.2%,0.59,Ancient,Rainwaker,27-11,105.0,87.5%,1.76,SHiPZ,20-11,93.5,87.5%,1.43,dennyslaw,17-9,63.2,83.3%,1.21,niki1,14-13,75.8,83.3%,1.18,Patrick,16-14,68.6,70.8%,1.02,Xant3r,16-21,74.2,54.2%,0.88,Pipw,13-19,76.0,70.8%,0.86,k4sl-,13-18,51.5,58.3%,0.74,Polt,7-16,43.3,45.8%,0.57,DaDte,7-20,44.8,58.3%,0.51
0 0 2362244,unknown,unknown,,,,,,,,,,,,,,,,,,,,,,,,,,,,,,,,,,,,,,,,,,,,,,,,,,,,,,,,,,,,,,,,,,,,,,,,,,,,,,,,,,,,,,,,,,,,,,,,,,,,,,,,,,,,,,,,,,,,,,,,,,,,,,,,,,,,,,,,,,,,,,,,,,,,,,,,,
25 Mar 15:00 2363247,PROSPECTS,Iron Branch,Ancient,spooke,28-21,107.2,73.3%,1.40,bobeksde,27-20,91.2,76.7%,1.31,FRANSSON,22-19,90.3,73.3%,1.25,hype,20-16,58.8,76.7%,1.02,Ro1f,11-16,43.1,66.7%,0.75,nifee,25-23,94.7,66.7%,1.14,MaSvAl,16-19,54.6,70.0%,0.90,Ganginho,15-17,48.7,60.0%,0.80,sad,19-25,78.1,50.0%,0.78,jR,16-24,69.7,50.0%,0.74,Anubis,spooke,32-17,109.9,70.0%,1.68,hype,21-14,63.8,80.0%,1.23,FRANSSON,18-18,77.9,70.0%,1.05,Ro1f,20-20,64.5,70.0%,1.03,bobeksde,10-17,53.2,66.7%,0.77,MaSvAl,20-20,75.6,63.3%,1.09,nifee,18-19,80.5,70.0%,1.00,Ganginho,18-19,64.0,56.7%,0.98,jR,16-19,57.3,70.0%,0.83,sad,14-24,54.5,60.0%,0.68,Overpass,spooke,41-24,108.6,83.3%,1.60,hype,28-19,74.0,75.0%,1.19,FRANSSON,19-25,60.3,75.0%,0.94,Ro1f,17-25,67.0,61.1%,0.88,bobeksde,14-27,50.7,63.9%,0.66,MaSvAl,35-22,98.9,83.3%,1.51,nifee,26-23,73.0,58.3%,1.06,jR,17-23,72.5,75.0%,0.96,sad,22-26,57.7,61.1%,0.88,Ganginho,20-26,60.7,63.9%,0.78
25 Mar 14:00 2363242,Believe,Budapest Five,Ancient,suNny,32-18,130.4,84.0%,1.78,milky,12-19,64.2,72.0%,0.76,Maze,13-18,50.6,72.0%,0.75,isk,11-20,52.1,68.0%,0.74,Banjo,13-20,54.9,60.0%,0.66,susp,28-18,115.7,80.0%,1.68,sarenii,20-18,94.0,80.0%,1.26,fleav,16-15,73.2,80.0%,1.25,Katalic,15-14,60.8,76.0%,1.02,stYleEeZ,14-17,61.4,68.0%,0.88,Inferno,suNny,30-15,109.7,85.2%,1.76,isk,21-14,78.4,77.8%,1.28,Banjo,23-19,93.0,74.1%,1.22,milky,17-21,70.8,77.8%,1.17,Maze,13-17,67.7,70.4%,0.90,fleav,20-20,81.5,66.7%,1.06,susp,17-21,70.9,59.3%,0.94,stYleEeZ,17-20,78.5,70.4%,0.93,Katalic,15-21,65.0,63.0%,0.76,sarenii,16-22,54.7,63.0%,0.74,Vertigo,Banjo,41-30,102.8,70.8%,1.34,Maze,41-29,86.0,70.8%,1.26,isk,41-34,82.1,68.8%,1.12,suNny,29-36,68.8,68.8%,0.94,milky,20-41,55.9,68.8%,0.68,fleav,53-32,109.5,79.2%,1.57,susp,35-36,81.1,77.1%,1.17,stYleEeZ,31-35,65.9,75.0%,0.94,Katalic,32-32,63.6,62.5%,0.87,sarenii,19-37,68.4,72.9%,0.76
25 Mar 16:00 2363262,1WIN,HONORIS,Overpass,deko,28-13,96.1,75.9%,1.59,Forester,23-18,85.0,75.9%,1.25,NickelBack,16-12,59.7,82.8%,1.16,TRAVIS,19-19,79.7,58.6%,1.06,Boombl4,18-22,68.6,69.0%,0.89,SaMey,18-18,62.0,69.0%,1.03,jedqr,17-19,73.2,75.9%,1.02,Sobol,18-22,86.5,58.6%,0.99,reiko,17-22,79.9,58.6%,0.88,lunAtic,14-23,52.3,58.6%,0.60,Inferno,Boombl4,21-7,98.2,90.0%,1.88,deko,18-9,99.0,90.0%,1.59,NickelBack,17-12,93.0,100.0%,1.53,TRAVIS,19-9,80.3,85.0%,1.41,Forester,14-9,80.5,70.0%,1.26,SaMey,14-16,70.5,50.0%,0.93,reiko,8-17,57.4,40.0%,0.60,Sobol,9-19,49.5,55.0%,0.60,jedqr,8-20,59.1,45.0%,0.47,lunAtic,7-17,37.2,45.0%,0.45,,,,,,,,,,,,,,,,,,,,,,,,,,,,,,,,,,,,,,,,,,,,,,,,,,,
25 Mar 15:00 2363300,ARCTIC,FUSION,Nuke,ninjaZ,22-13,96.3,87.0%,1.60,MaLLby,21-13,84.4,91.3%,1.50,ponter,13-14,67.0,73.9%,1.07,keiz,15-12,64.3,78.3%,1.05,short,15-16,84.2,69.6%,1.05,KUN,17-18,93.6,65.2%,1.15,christo,18-16,72.8,73.9%,1.04,guidimon,13-16,68.3,65.2%,0.88,naz,11-20,54.9,60.9%,0.63,peqexino,8-16,49.3,47.8%,0.60,Inferno,ponter,24-18,87.1,73.3%,1.32,yungher,23-14,67.3,76.7%,1.23,short,19-22,72.1,76.7%,1.05,ninjaZ,17-19,68.9,70.0%,0.99,MaLLby,15-21,70.5,63.3%,0.78,KUN,21-23,74.0,73.3%,1.08,christo,19-15,63.9,70.0%,1.06,naz,17-19,71.6,73.3%,1.04,peqexino,18-18,64.4,63.3%,0.90,guidimon,19-23,58.3,60.0%,0.81,,,,,,,,,,,,,,,,,,,,,,,,,,,,,,,,,,,,,,,,,,,,,,,,,,,
25 Mar 14:00 2363238,Coalesce,HEET,Vertigo,shyyne,21-19,83.2,70.4%,1.14,leaf,22-20,81.4,74.1%,1.12,AZUWU,20-20,75.3,66.7%,1.06,dox,14-19,58.7,70.4%,0.88,Krs7N,11-19,56.4,63.0%,0.72,Lucky,24-13,102.9,81.5%,1.52,Maka,20-18,77.4,81.5%,1.23,Djoko,23-18,78.2,74.1%,1.21,Razzmo,17-18,72.9,81.5%,1.03,Ex3rcice,13-22,63.1,63.0%,0.69,Inferno,shyyne,19-14,87.5,76.0%,1.29,dox,16-15,73.8,72.0%,1.06,leaf,13-15,60.6,68.0%,0.93,AZUWU,12-14,45.5,60.0%,0.80,Krs7N,7-17,49.0,56.0%,0.55,Maka,25-11,85.8,84.0%,1.64,Ex3rcice,17-14,77.9,76.0%,1.23,Lucky,10-13,56.6,68.0%,0.94,Razzmo,12-14,49.5,64.0%,0.93,Djoko,11-15,51.9,72.0%,0.86,,,,,,,,,,,,,,,,,,,,,,,,,,,,,,,,,,,,,,,,,,,,,,,,,,,
25 Mar 14:00 2363280,Monte,SAW,Anubis,Woro2k,23-13,96.5,95.2%,1.60,BOROS,19-13,94.6,85.7%,1.48,sdy,17-10,84.2,85.7%,1.42,kRaSnaL,16-8,72.9,90.5%,1.39,DemQQ,16-10,92.4,76.2%,1.31,ewjerkz,12-19,62.2,47.6%,0.73,MUTiRiS,12-18,72.8,61.9%,0.73,JUST,11-19,69.7,52.4%,0.71,roman,9-16,48.3,61.9%,0.70,story,9-19,54.5,47.6%,0.55,Vertigo,sdy,20-10,98.8,86.4%,1.57,Woro2k,20-14,91.0,86.4%,1.54,kRaSnaL,19-13,78.4,90.9%,1.29,BOROS,17-15,87.8,72.7%,1.22,DemQQ,13-12,62.5,68.2%,0.96,JUST,17-16,89.3,72.7%,1.08,story,13-17,74.6,77.3%,0.90,roman,10-19,57.6,72.7%,0.87,MUTiRiS,10-18,71.3,54.5%,0.81,ewjerkz,13-19,60.3,50.0%,0.73,,,,,,,,,,,,,,,,,,,,,,,,,,,,,,,,,,,,,,,,,,,,,,,,,,,
25 Mar 13:00 2363261,ECSTATIC,BIG Academy,Vertigo,Queenix,29-21,96.6,77.1%,1.38,salazar,26-18,79.3,74.3%,1.33,kraghen,22-22,70.1,65.7%,0.97,maNkz,18-21,63.0,74.3%,0.93,Nodios,19-25,65.4,68.6%,0.92,prosus,29-22,89.7,77.1%,1.34,S3NSEY,26-22,61.5,68.6%,1.00,ArroW,19-22,71.6,68.6%,0.98,s1n,21-21,71.0,71.4%,0.96,skyye,12-27,45.3,62.9%,0.63,Anubis,salazar,25-12,74.3,86.7%,1.43,Queenix,19-17,76.5,90.0%,1.21,Nodios,21-17,58.9,70.0%,1.06,maNkz,17-23,78.3,76.7%,1.04,kraghen,15-19,61.8,83.3%,0.90,s1n,22-19,80.3,73.3%,1.11,skyye,20-19,71.9,70.0%,1.07,ArroW,17-19,72.1,70.0%,0.99,prosus,15-19,54.1,70.0%,0.86,S3NSEY,14-21,54.3,73.3%,0.81,,,,,,,,,,,,,,,,,,,,,,,,,,,,,,,,,,,,,,,,,,,,,,,,,,,
25 Mar 13:00 2363275,IHC,Wings Up,Inferno,Annihilation,20-15,73.9,79.3%,1.16,bLitz,18-15,74.3,69.0%,1.16,maaRaa,16-21,75.8,69.0%,1.02,Bart4k,18-20,56.6,62.1%,0.88,Techno,16-23,66.6,62.1%,0.81,lan,30-17,88.2,72.4%,1.41,ChildKing,15-17,75.0,79.3%,1.16,flying,16-17,65.0,69.0%,0.97,gas,17-18,51.2,72.4%,0.90,Marek,15-21,62.4,72.4%,0.84,Nuke,Annihilation,24-21,79.9,73.3%,1.13,bLitz,19-25,77.1,66.7%,0.97,Techno,19-24,59.7,60.0%,0.87,maaRaa,15-25,65.1,66.7%,0.72,Bart4k,15-22,56.4,53.3%,0.64,flying,30-17,99.7,83.3%,1.55,Marek,26-17,92.5,76.7%,1.33,gas,24-19,87.2,76.7%,1.27,ChildKing,25-21,75.5,70.0%,1.17,lan,12-19,57.5,80.0%,0.84,,,,,,,,,,,,,,,,,,,,,,,,,,,,,,,,,,,,,,,,,,,,,,,,,,,
25 Mar 11:00 2363278,Grayhound,VERTEX,Nuke,Liazz,22-16,84.3,70.0%,1.25,INS,23-23,96.3,73.3%,1.22,Vexite,24-18,75.5,70.0%,1.16,aliStair,19-18,58.9,66.7%,0.92,Sico,15-24,68.2,63.3%,0.86,pz,24-19,86.5,70.0%,1.20,ADDICT,21-21,74.0,73.3%,1.07,hazr,17-22,66.0,70.0%,0.91,malta,20-21,66.0,60.0%,0.89,BRACE,17-20,58.1,76.7%,0.84,Ancient,Liazz,24-22,87.2,63.9%,1.18,aliStair,24-20,56.4,69.4%,1.01,Vexite,28-26,67.1,66.7%,1.01,INS,21-26,85.1,66.7%,0.97,Sico,18-24,56.1,72.2%,0.78,hazr,28-24,92.2,69.4%,1.26,pz,24-20,69.7,72.2%,1.05,ADDICT,23-23,69.1,66.7%,0.99,malta,22-23,68.6,66.7%,0.97,BRACE,20-26,60.7,66.7%,0.84,,,,,,,,,,,,,,,,,,,,,,,,,,,,,,,,,,,,,,,,,,,,,,,,,,,
25 Mar 11:35 2363311,DeadWeight,better than you,Anubis,Omichella,38-21,103.4,77.1%,1.59,Kobe,24-24,92.9,71.4%,1.18,Mr Shark,29-22,74.8,77.1%,1.13,bogeymanh,24-24,69.6,77.1%,1.11,CyanideJr,20-22,70.2,77.1%,0.96,HUGHMUNGUS,32-26,92.4,62.9%,1.23,Valiance,22-28,80.4,57.1%,0.88,motion,20-26,71.2,57.1%,0.85,Roflko,22-31,71.2,51.4%,0.85,Tham,17-24,54.6,60.0%,0.76,Overpass,Mr Shark,27-9,108.0,90.9%,1.98,Kobe,18-11,88.0,68.2%,1.34,CyanideJr,17-13,80.6,72.7%,1.18,Omichella,16-16,83.9,77.3%,1.15,bogeymanh,13-17,58.2,81.8%,1.10,motion,17-19,85.9,63.6%,1.03,Valiance,14-18,73.4,59.1%,0.82,HUGHMUNGUS,15-16,64.5,50.0%,0.82,Roflko,7-20,64.0,63.6%,0.65,Tham,12-18,63.3,59.1%,0.60,,,,,,,,,,,,,,,,,,,,,,,,,,,,,,,,,,,,,,,,,,,,,,,,,,,
25 Mar 11:35 2363312,Arena,Mc,Mirage,neo,33-19,116.4,76.7%,1.70,Oath,22-22,81.0,76.7%,1.15,BaN4na,20-20,67.1,66.7%,0.99,Kiyo,17-25,67.9,73.3%,0.97,bebest,20-19,64.8,70.0%,0.96,PEARSS,28-25,98.6,76.7%,1.28,foggers,25-19,80.5,66.7%,1.19,YDNA,18-20,66.1,66.7%,1.02,minnii,22-25,81.5,73.3%,0.95,Jamie,11-23,48.2,53.3%,0.54,Inferno,neo,26-10,109.3,82.6%,1.69,Oath,23-12,99.3,87.0%,1.56,Kiyo,19-14,96.4,82.6%,1.54,bebest,15-12,62.9,78.3%,1.07,BaN4na,13-15,68.2,82.6%,0.95,foggers,18-20,97.0,65.2%,1.17,PEARSS,14-16,55.0,47.8%,0.85,minnii,13-19,68.7,56.5%,0.73,YDNA,10-21,57.7,52.2%,0.53,Jamie,8-20,45.0,43.5%,0.45,,,,,,,,,,,,,,,,,,,,,,,,,,,,,,,,,,,,,,,,,,,,,,,,,,,
25 Mar 06:30 2363277,VERTEX,Rooster,Inferno,hazr,24-15,86.0,76.0%,1.36,ADDICT,21-15,81.5,80.0%,1.26,BRACE,16-14,75.7,72.0%,1.18,pz,17-17,85.9,64.0%,1.16,malta,14-14,72.0,76.0%,1.06,nettik,19-17,84.9,68.0%,1.14,TjP,17-20,80.2,68.0%,0.98,Rackem,18-19,81.3,60.0%,0.98,asap,14-18,65.8,60.0%,0.85,ADK,7-19,30.3,44.0%,0.48,Vertigo,malta,21-19,81.8,70.4%,1.08,BRACE,19-22,75.4,59.3%,0.88,hazr,15-22,71.6,63.0%,0.85,ADDICT,15-21,62.5,59.3%,0.76,pz,13-22,60.7,55.6%,0.72,TjP,37-17,119.5,77.8%,1.92,asap,24-17,101.6,85.2%,1.45,nettik,17-16,72.0,70.4%,1.13,ADK,15-16,71.4,81.5%,1.07,Rackem,13-17,52.4,63.0%,0.80,Overpass,malta,23-14,86.1,92.6%,1.41,ADDICT,21-15,71.8,77.8%,1.28,pz,20-17,74.0,77.8%,1.18,hazr,19-19,92.7,77.8%,1.15,BRACE,19-20,75.1,66.7%,1.04,nettik,23-19,96.0,63.0%,1.25,asap,20-20,82.0,81.5%,1.22,Rackem,16-21,51.3,74.1%,0.86,TjP,12-20,65.9,63.0%,0.72,ADK,14-22,57.0,55.6%,0.68
25 Mar 02:30 2363266,MIBR,Vendetta,Ancient,exit,29-12,112.9,92.3%,1.83,HEN1,22-11,98.0,84.6%,1.60,insani,19-19,75.3,73.1%,1.08,brnz4n,14-15,66.5,80.8%,1.04,Tuurtle,14-17,48.5,69.2%,0.86,consti,21-16,75.9,65.4%,1.04,Tender,16-19,68.4,61.5%,0.93,silas,12-19,55.2,76.9%,0.72,cxzi,14-23,67.4,61.5%,0.69,chop,7-21,44.8,61.5%,0.47,Inferno,insani,30-9,135.1,91.3%,2.09,HEN1,16-9,80.1,87.0%,1.39,brnz4n,17-15,80.1,91.3%,1.28,Tuurtle,14-11,64.4,73.9%,1.13,exit,15-10,68.9,82.6%,1.12,Tender,16-17,69.0,47.8%,0.87,silas,14-19,67.4,65.2%,0.81,cxzi,9-22,64.6,39.1%,0.64,consti,9-17,44.0,52.2%,0.63,chop,5-18,32.5,43.5%,0.36,,,,,,,,,,,,,,,,,,,,,,,,,,,,,,,,,,,,,,,,,,,,,,,,,,,
25 Mar 01:00 2363067,Take Flyte,1 JIN,Ancient,Wolffe,34-24,102.1,82.4%,1.43,hyza,23-23,83.9,70.6%,1.08,xCAPE,21-20,76.3,67.6%,1.07,Umar,25-21,77.2,70.6%,1.06,nicx,12-25,44.6,67.6%,0.70,Jason,27-23,84.6,70.6%,1.28,sacrifice,22-21,76.9,67.6%,1.09,hoggy,22-25,69.6,73.5%,1.04,Peeping,21-24,77.5,67.6%,1.04,LEARSI,18-22,62.9,67.6%,0.90,Mirage,Wolffe,32-14,123.5,80.8%,1.91,nicx,21-14,77.0,84.6%,1.44,Umar,17-14,83.3,65.4%,1.18,xCAPE,13-19,70.6,76.9%,0.89,hyza,17-21,69.2,65.4%,0.82,LEARSI,23-18,84.4,88.5%,1.33,sacrifice,15-19,75.0,61.5%,0.94,hoggy,17-19,60.0,73.1%,0.91,Jason,14-22,67.4,50.0%,0.74,Peeping,12-22,65.7,53.8%,0.71,Vertigo,Umar,21-18,87.8,68.0%,1.18,hyza,21-16,66.7,72.0%,1.15,xCAPE,19-18,81.1,72.0%,1.11,nicx,16-20,81.1,72.0%,1.06,Wolffe,16-19,80.1,80.0%,1.05,sacrifice,18-17,98.2,84.0%,1.27,LEARSI,20-18,79.7,76.0%,1.12,Jason,18-19,90.7,72.0%,1.02,Peeping,18-20,68.4,60.0%,0.95,hoggy,17-20,69.6,56.0%,0.80
